text,generated
"Car-free cities have become a subject of increasing interest and debate in recent years, as urban areas around the world grapple with the challenges of congestion, pollution, and limited resources. The concept of a car-free city involves creating urban environments where private automobiles are either significantly restricted or completely banned, with a focus on alternative transportation methods and sustainable urban planning. This essay explores the benefits, challenges, and potential solutions associated with the idea of car-free cities.  Benefits of Car-Free Cities  Environmental Sustainability: Car-free cities promote environmental sustainability by reducing air pollution and greenhouse gas emissions. Fewer cars on the road mean cleaner air and a significant decrease in the contribution to global warming.  Improved Public Health: A reduction in automobile usage can lead to better public health outcomes. Fewer cars on the road result in fewer accidents and a safer urban environment for pedestrians and cyclists. Moreover, less air pollution can lead to reduced respiratory and cardiovascular problems.  Efficient Use of Space: Car-free cities utilize urban space more efficiently. Parking lots and wide roads can be repurposed for green spaces, parks, and pedestrian zones, enhancing the overall quality of life in the city.  Reduced Traffic Congestion: By eliminating or restricting car usage, traffic congestion is significantly reduced, leading to faster commute times and less frustration for residents and commuters.  Cost Savings: Car ownership and maintenance can be expensive. Car-free cities allow residents to save money on vehicles, fuel, and insurance, improving their overall financial well-being.  Challenges of Car-Free Cities  Resistance to Change: Transitioning to a car-free city can face resistance from citizens, especially those who rely heavily on their cars for daily activities and commutes.  Public Transportation Infrastructure: An effective public transportation system is crucial for the success of car-free cities. Cities need to invest in and expand their public transportation networks to ensure that people have viable alternatives to cars.  Economic Impact: Businesses that rely on car-dependent customers may experience a decline in revenue in a car-free city. It's essential to address this economic impact and find ways to support affected businesses during the transition.  Urban Planning and Infrastructure: The redesign of urban areas for car-free living requires significant planning and investment in infrastructure, which can be a lengthy and complex process.  Solutions for Car-Free Cities  Expand Public Transportation: Invest in the expansion and improvement of public transportation systems to provide convenient and affordable alternatives to private cars.  Promote Active Transportation: Encourage walking and cycling by building bike lanes, pedestrian-friendly streets, and ensuring safe infrastructure for these activities.  Implement Carpooling and Ride-Sharing: Promote carpooling and ride-sharing services to reduce the number of private vehicles on the road.  Adopt Electric and Sustainable Transportation: Encourage the use of electric vehicles and promote sustainability by using renewable energy sources to power transportation.  Education and Public Awareness: Educate citizens about the benefits of a car-free city and involve them in the planning process to increase support and understanding.  Conclusion  Car-free cities represent a vision for a sustainable and healthier urban future. While the transition to a car-free city is not without challenges, the potential benefits in terms of environmental sustainability, public health, and efficient urban living make it a compelling goal. Through a combination of investment in public transportation, promotion of alternative transportation methods, and public engagement, cities can work towards a future where cars are no longer the dominant mode of transportation. Car-free cities offer a promising vision of a more sustainable and vibrant urban environment.",1
"Car Free Cities  Car-free cities, a concept gaining traction in contemporary urban planning, seek to transform the way we live, commute, and interact with our surroundings. These cities envision a future where private automobiles are either severely restricted or completely eliminated from urban landscapes, making room for alternative modes of transportation, green spaces, and sustainable living. In this essay, we will explore the various aspects of car-free cities, including their benefits, challenges, and potential solutions.  The idea of car-free cities stems from a growing awareness of the negative consequences of car-centric urban planning. Congestion, air pollution, and the diminishing quality of life in crowded, noisy, and car-infested streets have prompted urban planners to seek alternatives. Car-free cities offer several advantages:  Environmental Sustainability: By reducing the number of vehicles on the road, car-free cities significantly decrease air pollution and greenhouse gas emissions. This step towards environmental sustainability helps combat climate change and fosters cleaner, healthier urban environments.  Public Health: Fewer cars on the road mean fewer accidents and a safer environment for pedestrians and cyclists. Additionally, the reduction in air pollution results in improved respiratory and cardiovascular health for city dwellers.  Efficient Space Utilization: Car-free cities optimize urban space usage. Parking lots and wide roads can be repurposed for parks, green spaces, and pedestrian zones, enhancing the overall quality of life.  Reduced Traffic Congestion: Less reliance on private cars leads to reduced traffic congestion, shorter commute times, and less stress for residents and commuters.  Cost Savings: Owning and maintaining a car can be expensive. Car-free cities allow residents to save money on vehicle purchase, fuel, and insurance, thereby improving their financial well-being.  However, transitioning to car-free cities presents its own set of challenges:  Resistance to Change: Many people heavily rely on their cars for daily activities and commutes. Transitioning to car-free living can face resistance from those who fear the loss of convenience and autonomy.  Public Transportation Infrastructure: Effective public transportation systems are critical for the success of car-free cities. Investments and improvements in public transit are necessary to provide convenient alternatives to private cars.  Economic Impact: Businesses that rely on car-dependent customers may experience declining revenue. Addressing this economic impact and supporting affected businesses during the transition is essential.  Urban Planning and Infrastructure: Redesigning urban areas for car-free living demands comprehensive planning and substantial investment in infrastructure, which can be a complex and lengthy process.  Solutions for the successful implementation of car-free cities include expanding public transportation, promoting active transportation, encouraging carpooling and ride-sharing, adopting electric and sustainable transportation, and focusing on public education and awareness.  In conclusion, car-free cities represent a promising vision for a more sustainable and healthy urban future. While challenges exist, the potential benefits in terms of environmental sustainability, public health, efficient urban living, and cost savings make it a compelling goal. By investing in public transportation, promoting alternative transportation methods, and involving the public in the planning process, cities can work toward a future where cars are no longer the dominant mode of transportation. Car-free cities offer a promising vision of a more sustainable and vibrant urban environment.",1
"  A Sustainable Urban Future  Car-free cities are emerging as a powerful response to the pressing challenges of urbanization. These cities aspire to create environments where private automobiles are either severely restricted or completely banned, emphasizing sustainable transportation alternatives, cleaner air, and vibrant urban living. This essay delves into the concept of car-free cities, exploring their potential benefits, challenges, and solutions.  Car-free cities are gaining momentum as a solution to pressing urban challenges. These cities aim to create environments where private automobiles are either restricted or entirely eliminated in favor of sustainable transportation alternatives. This essay explores the concept of car-free cities, emphasizing their potential benefits, challenges, and solutions.  Car-free cities represent a vision for urban living that emphasizes sustainability, health, and efficiency:  Environmental Sustainability: A reduced reliance on cars leads to decreased air pollution and greenhouse gas emissions. This shift towards environmental sustainability helps mitigate climate change and promotes cleaner, healthier cities.  Public Health: Car-free cities create safer environments for pedestrians and cyclists. Reduced air pollution levels contribute to better respiratory and cardiovascular health, enhancing overall public well-being.  Optimal Space Utilization: Car-free cities make efficient use of urban space. Parking lots and wide roads can be repurposed into green spaces, parks, and pedestrian zones, enhancing the quality of life.  Traffic Congestion Reduction: Fewer private cars on the road result in less traffic congestion, shorter commutes, and lower stress levels for city residents and commuters.  Economic Savings: Car ownership can be expensive, including vehicle purchase, fuel, and insurance. Car-free cities offer residents an opportunity to save money and improve their financial stability.  Despite their potential, transitioning to car-free cities is not without its challenges:  Resistance to Change: Many individuals rely heavily on cars for daily activities and commutes. The shift to car-free living can face resistance from those who fear inconvenience and a loss of personal autonomy.  Public Transportation Infrastructure: A robust public transportation system is vital for the success of car-free cities. Investments in public transit and its expansion are crucial to provide convenient alternatives to private cars.  Economic Impact: Businesses that depend on car-dependent customers may experience revenue declines during the transition. Addressing this economic impact and supporting affected businesses is essential.  Urban Planning and Infrastructure: Redesigning urban areas for car-free living requires comprehensive planning and substantial infrastructure investments, which can be complex and time-consuming.  Solutions for the successful adoption of car-free cities include expanding public transportation networks, promoting active transportation such as walking and cycling, encouraging carpooling and ride-sharing, adopting electric and sustainable transportation options, and focusing on public education and awareness.  In conclusion, car-free cities present a promising vision for a more sustainable and healthy urban future. While they come with challenges, the potential benefits in terms of environmental sustainability, public health, efficient urban living, and cost savings make them a compelling objective. By investing in public transportation, promoting alternative transportation methods, and involving the public in the planning process, cities can work towards a future where private cars no longer dominate the urban landscape. Car-free cities offer a hopeful glimpse of a more sustainable and vibrant urban environment.",1
"  Pioneering Sustainable Urban Living  In an era marked by rapid urbanization, car-free cities have emerged as a visionary solution to the many challenges that densely populated urban areas face. The concept of car-free cities envisions a future where private automobiles are either restricted or entirely absent, making way for sustainable transportation alternatives and green, people-centered urban spaces. This essay delves into the idea of car-free cities, exploring their potential benefits, challenges, and solutions.  Car-free cities are a response to the urgent need for sustainable urban living:  Environmental Sustainability: The reduced use of cars significantly lowers air pollution and greenhouse gas emissions, contributing to a healthier planet. These cities serve as beacons of environmental responsibility in an era where climate change is a pressing concern.  Public Health: Car-free cities prioritize pedestrian and cyclist safety, resulting in fewer accidents and better health outcomes. Decreased air pollution levels lead to improved respiratory and cardiovascular health among residents.  Optimal Space Utilization: These cities make efficient use of urban space by repurposing parking lots and roads into parks, green spaces, and pedestrian zones. The urban landscape is transformed into an inviting and vibrant place to live.  Traffic Congestion Reduction: With fewer private cars on the road, traffic congestion is greatly reduced, resulting in shorter commutes and less stress for city dwellers.  Economic Benefits: Car ownership can be a costly endeavor. By reducing their reliance on private vehicles, residents in car-free cities have the opportunity to save money on vehicle-related expenses, improving their overall financial stability.  However, the transition to car-free cities presents a unique set of challenges:  Resistance to Change: Many individuals depend heavily on their cars for daily routines and commutes, and the transition to car-free living may face resistance from those who fear the loss of convenience and personal freedom.  Public Transportation Infrastructure: Effective public transportation systems are crucial for the success of car-free cities. Substantial investments are needed to expand and enhance public transit options, providing convenient alternatives to private cars.  Economic Impact: Businesses relying on car-dependent customers may experience declining revenues during the transition. Addressing this economic impact and supporting affected businesses is a critical aspect of the transition.  Urban Planning and Infrastructure: The redesign of urban areas for car-free living demands comprehensive planning and significant investments in infrastructure, which can be a complex and time-consuming process.  Solutions to successfully implement car-free cities include the expansion and improvement of public transportation, the promotion of active transportation methods such as walking and cycling, the encouragement of carpooling and ride-sharing, the adoption of electric and sustainable transportation, and a focus on public education and awareness.  In conclusion, car-free cities offer a glimpse into a more sustainable and vibrant urban future. Despite the challenges, the potential benefits in terms of environmental sustainability, public health, efficient urban living, and cost savings make them a compelling goal. By investing in public transportation, promoting alternative transportation methods, and involving the public in the planning process, cities can work towards a future where private cars are no longer the dominant mode of transportation. Car-free cities represent an inspiring vision of a more sustainable and people-centric urban environment.",1
"  The Path to Sustainable Urban Living  In an age of rapid urbanization, the concept of car-free cities is gaining momentum as a visionary solution to the complex challenges posed by urban areas. Car-free cities are urban environments where private automobiles are either heavily restricted or completely prohibited, promoting the use of sustainable transportation alternatives and fostering a healthier, more vibrant urban lifestyle. This essay explores the concept of car-free cities, examining the potential benefits, challenges, and strategies for their successful implementation.  Car-free cities offer a vision of urban living focused on sustainability and well-being:  Environmental Sustainability: By significantly reducing the number of cars on the road, car-free cities contribute to cleaner air and a reduction in greenhouse gas emissions, thus playing a vital role in mitigating climate change.  Public Health: These cities prioritize pedestrian and cyclist safety, leading to fewer accidents and enhanced public health. Reduced air pollution levels result in better respiratory and cardiovascular health for urban residents.  Optimal Use of Space: Car-free cities make efficient use of urban space by converting parking lots and wide roads into green areas, parks, and pedestrian zones. This transformation enriches the overall urban landscape and quality of life.  Traffic Congestion Reduction: Fewer private cars on the road mean less traffic congestion, shorter commute times, and a less stressful daily life for urban inhabitants.  Economic Benefits: Car ownership can be costly. By relying less on private vehicles, residents of car-free cities have the opportunity to save money on car-related expenses, which can contribute to improved financial stability.  Transitioning to car-free cities, however, poses unique challenges:  Resistance to Change: Many individuals heavily rely on their cars for daily activities and commutes, leading to potential resistance to the transition to car-free living due to fears of inconvenience and a loss of autonomy.  Public Transportation Infrastructure: A robust public transportation system is essential for the success of car-free cities. Substantial investments are needed to expand and enhance public transit options, providing convenient alternatives to private cars.  Economic Impact: Businesses that depend on car-dependent customers may face a decline in revenue during the transition. Addressing this economic impact and supporting affected businesses is a crucial aspect of the transition.  Urban Planning and Infrastructure: The reconfiguration of urban areas for car-free living requires comprehensive planning and significant investments in infrastructure, a complex and time-consuming process.  To realize car-free cities successfully, strategies include expanding and enhancing public transportation, promoting active transportation methods like walking and cycling, encouraging carpooling and ride-sharing, adopting electric and sustainable transportation, and focusing on public education and awareness.  In conclusion, car-free cities offer an inspiring vision of a more sustainable and vibrant urban future. Despite the challenges, the potential benefits in terms of environmental sustainability, public health, efficient urban living, and cost savings make them a compelling goal. By investing in public transportation, promoting alternative transportation methods, and engaging the public in the planning process, cities can work toward a future where private cars are no longer the dominant mode of transportation. Car-free cities represent a promising glimpse of a more sustainable and people-centric urban environment.",1
"  A Paradigm Shift in Urban Living  In an era marked by increasing urbanization and environmental concerns, the concept of car-free cities is gaining momentum as a transformative solution to the complex challenges faced by metropolitan areas. Car-free cities are urban environments that prioritize sustainable transportation alternatives over private automobiles, aiming to create cleaner, healthier, and more vibrant urban spaces. This essay explores the concept of car-free cities, highlighting their potential benefits, challenges, and strategies for successful implementation.  Car-free cities embody a vision of urban living that champions sustainability and community well-being:  Environmental Sustainability: By reducing the number of cars on the road, car-free cities play a significant role in reducing air pollution and greenhouse gas emissions. This environmentally responsible approach is essential in addressing the urgent issue of climate change.  Public Health: The emphasis on pedestrian and cyclist safety in car-free cities results in fewer accidents and improved public health. Decreased air pollution levels lead to better respiratory and cardiovascular health for residents.  Optimal Use of Urban Space: Car-free cities efficiently repurpose urban space, transforming parking lots and wide roads into green parks, recreational areas, and pedestrian zones. This revitalizes the urban landscape and enhances the overall quality of life.  Traffic Congestion Reduction: With fewer private cars on the road, traffic congestion is significantly diminished, leading to shorter commutes and a less stressful daily urban experience.  Economic Benefits: Car ownership can be a costly endeavor. In car-free cities, residents have the opportunity to save money on car-related expenses, improving their financial stability.  However, the transition to car-free cities is not without its share of challenges:  Resistance to Change: Many individuals rely heavily on their cars for daily activities and commutes, leading to potential resistance to the transition due to concerns about convenience and a perceived loss of personal freedom.  Public Transportation Infrastructure: The success of car-free cities hinges on the availability and efficiency of public transportation. Substantial investments are required to expand and enhance public transit systems, offering convenient alternatives to private cars.  Economic Impact: Businesses that depend on car-dependent customers may experience declining revenues during the transition. Addressing this economic impact and providing support to affected businesses is a crucial aspect of the transition.  Urban Planning and Infrastructure: Redesigning urban areas for car-free living demands thorough planning and substantial investments in infrastructure, a complex and time-consuming process.  To successfully realize car-free cities, strategies include expanding and improving public transportation, promoting active transportation modes such as walking and cycling, encouraging carpooling and ride-sharing, adopting electric and sustainable transportation options, and prioritizing public education and awareness.  In conclusion, car-free cities offer a compelling vision of a more sustainable and community-centric urban future. Despite the challenges, the potential benefits in terms of environmental sustainability, public health, efficient urban living, and cost savings make them a worthy goal. By investing in public transportation, promoting alternative transportation methods, and engaging the public in the planning process, cities can work toward a future where private cars no longer dominate the urban landscape. Car-free cities represent a promising glimpse of a more sustainable and people-centric urban environment.",1
"  Revolutionizing Urban Living  In an age defined by the ever-growing challenges of urbanization and environmental degradation, the concept of car-free cities is emerging as a transformative approach to reimagining urban life. Car-free cities prioritize the use of sustainable transportation options and restrict or eliminate private automobiles in urban spaces, fostering cleaner, healthier, and more vibrant environments. This essay delves into the concept of car-free cities, exploring their potential benefits, challenges, and strategies for effective implementation.  Car-free cities embody a vision of urban living that champions sustainability, health, and community well-being:  Environmental Sustainability: By reducing the number of cars on the road, car-free cities play a vital role in reducing air pollution and greenhouse gas emissions. This responsible approach is integral to combating climate change.  Public Health: Car-free cities prioritize pedestrian and cyclist safety, leading to fewer accidents and improved public health. Reduced air pollution levels contribute to enhanced respiratory and cardiovascular well-being for urban residents.  Optimal Use of Space: These cities efficiently repurpose urban space by converting parking lots and wide roads into green parks, recreational areas, and pedestrian zones. This transformation revitalizes the urban landscape and enhances the overall quality of life.  Traffic Congestion Reduction: With fewer private cars on the road, traffic congestion is significantly reduced, leading to shorter commutes and a less stressful daily urban experience.  Economic Benefits: Car ownership can be a significant financial burden. In car-free cities, residents have the opportunity to save money on car-related expenses, which contributes to their overall financial stability.  However, transitioning to car-free cities presents a unique set of challenges:  Resistance to Change: Many individuals rely heavily on their cars for daily activities and commutes. The shift to car-free living can face resistance from those who fear inconvenience and a loss of personal freedom.  Public Transportation Infrastructure: The success of car-free cities relies on the availability and efficiency of public transportation. Substantial investments are required to expand and enhance public transit systems, providing convenient alternatives to private cars.  Economic Impact: Businesses that depend on car-dependent customers may experience declining revenues during the transition. Addressing this economic impact and supporting affected businesses is a vital aspect of the transition.  Urban Planning and Infrastructure: The reconfiguration of urban areas for car-free living demands thorough planning and significant investments in infrastructure, a complex and time-consuming process.  To successfully realize car-free cities, strategies include expanding and enhancing public transportation, promoting active transportation methods such as walking and cycling, encouraging carpooling and ride-sharing, adopting electric and sustainable transportation options, and prioritizing public education and awareness.  In conclusion, car-free cities offer a compelling vision of a more sustainable, healthier, and community-centric urban future. Despite the challenges, the potential benefits in terms of environmental sustainability, public health, efficient urban living, and cost savings make them a worthy goal. By investing in public transportation, promoting alternative transportation methods, and engaging the public in the planning process, cities can work toward a future where private cars no longer dominate the urban landscape. Car-free cities represent an inspiring glimpse of a more sustainable and people-centric urban environment.",1
"  Pioneering Sustainable Urban Living  In an age characterized by rapid urbanization and the pressing need for environmental sustainability, car-free cities are emerging as a revolutionary concept. These cities prioritize sustainable transportation options over private automobiles, promoting cleaner air, healthier communities, and more efficient urban living. This essay delves into the idea of car-free cities, exploring their potential benefits, challenges, and strategies for effective implementation.  Car-free cities represent a forward-thinking vision of urban living that emphasizes sustainability, health, and community well-being:  Environmental Sustainability: By reducing the number of cars on the road, car-free cities play a significant role in reducing air pollution and greenhouse gas emissions, contributing to global efforts to combat climate change.  Public Health: Car-free cities prioritize pedestrian and cyclist safety, leading to fewer accidents and improved public health. Reduced air pollution levels promote better respiratory and cardiovascular well-being among urban residents.  Optimal Use of Space: These cities efficiently repurpose urban space by converting parking lots and wide roads into green parks, recreational areas, and pedestrian zones. This transformation revitalizes the urban landscape, enhancing the overall quality of life.  Traffic Congestion Reduction: With fewer private cars on the road, traffic congestion is significantly reduced, leading to shorter commutes and a less stressful urban experience.  Economic Benefits: Car ownership can be financially burdensome. In car-free cities, residents have the opportunity to save money on car-related expenses, which can contribute to their overall financial stability.  However, transitioning to car-free cities presents a unique set of challenges:  Resistance to Change: Many individuals rely heavily on their cars for daily activities and commutes. The shift to car-free living may face resistance from those who fear inconvenience and a loss of personal freedom.  Public Transportation Infrastructure: The success of car-free cities depends on the availability and efficiency of public transportation. Substantial investments are required to expand and enhance public transit systems, providing convenient alternatives to private cars.  Economic Impact: Businesses that depend on car-dependent customers may experience declining revenues during the transition. Addressing this economic impact and supporting affected businesses is a critical aspect of the transition.  Urban Planning and Infrastructure: The reconfiguration of urban areas for car-free living demands comprehensive planning and significant investments in infrastructure, a complex and time-consuming process.  To successfully realize car-free cities, strategies include expanding and enhancing public transportation, promoting active transportation methods such as walking and cycling, encouraging carpooling and ride-sharing, adopting electric and sustainable transportation options, and prioritizing public education and awareness.  In conclusion, car-free cities offer an inspiring vision of a more sustainable, healthier, and community-centric urban future. Despite the challenges, the potential benefits in terms of environmental sustainability, public health, efficient urban living, and cost savings make them a worthy goal. By investing in public transportation, promoting alternative transportation methods, and engaging the public in the planning process, cities can work toward a future where private cars no longer dominate the urban landscape. Car-free cities represent a hopeful glimpse of a more sustainable and people-centric urban environment.",1
"  Reimagining Urban Living  In a rapidly urbanizing world, the concept of car-free cities is emerging as a revolutionary approach to address the challenges of modern urban life. These cities advocate for a transformation in urban planning, where private automobiles are restricted or entirely absent, giving way to sustainable transportation options and more eco-friendly urban landscapes. This essay explores the idea of car-free cities, emphasizing their potential benefits, challenges, and solutions.  Car-free cities represent a paradigm shift in urban living, focusing on sustainability, health, and community well-being:  By significantly reducing the number of cars on the road, car-free cities play a significant role in reducing air pollution and greenhouse gas emissions, making them key players in the fight against climate change.  Emphasizing pedestrian and cyclist safety leads to fewer accidents and an overall improved state of public health, with decreased air pollution levels contributing to better respiratory and cardiovascular well-being.  Efficient use of urban space is a central theme in car-free cities, repurposing parking lots and wide roads into green parks, recreational areas, and pedestrian zones. This transformation revitalizes the urban landscape, enhancing the overall quality of life for city residents.  Less reliance on private cars translates to reduced traffic congestion, shorter commute times, and lower stress levels for urban inhabitants.  Car ownership can be an expensive endeavor. By depending less on private vehicles, residents have the opportunity to save money on car-related expenses, improving their financial stability.  Transitioning to car-free cities is not without its unique set of challenges:  Many individuals rely heavily on their cars for daily activities and commutes. The transition to car-free living may face resistance from those who fear inconvenience and a loss of personal freedom.  Effective public transportation is essential for the success of car-free cities. Substantial investments are required to expand and enhance public transit systems, providing convenient alternatives to private cars.  Businesses that depend on car-dependent customers may experience declining revenues during the transition, necessitating solutions to mitigate the economic impact.  Redesigning urban areas for car-free living is a complex and time-consuming process, requiring comprehensive planning and substantial investments in infrastructure.  Solutions for successful implementation of car-free cities include expanding and improving public transportation, promoting active transportation methods such as walking and cycling, encouraging carpooling and ride-sharing, adopting electric and sustainable transportation options, and focusing on public education and awareness.  In conclusion, car-free cities offer a visionary perspective on more sustainable, healthier, and community-centric urban living. Despite the challenges, the potential benefits in terms of environmental sustainability, public health, efficient urban living, and cost savings make them a worthwhile aspiration. By investing in public transportation, promoting alternative transportation methods, and engaging the public in the planning process, cities can work toward a future where private cars are no longer the dominant mode of transportation. Car-free cities represent a hopeful glimpse of a more sustainable and people-centric urban environment.",1
"  A Vision of Urban Sustainability  In our rapidly urbanizing world, the concept of car-free cities is gaining traction as an innovative approach to address the challenges posed by urbanization, environmental degradation, and the need for sustainable living. These cities propose a transformative shift where private automobiles are either severely restricted or entirely absent, promoting sustainable transportation alternatives and greener urban environments. This essay explores the idea of car-free cities, highlighting their potential benefits, challenges, and strategies for successful implementation.  Car-free cities offer a visionary perspective on urban living that prioritizes sustainability, health, and community well-being.  Environmental Sustainability: Car-free cities play a pivotal role in addressing climate change by significantly reducing air pollution and greenhouse gas emissions. This shift toward a more sustainable urban lifestyle is essential in the battle against global warming.  Public Health: These cities emphasize pedestrian and cyclist safety, leading to fewer accidents and improved public health. Reduced air pollution levels contribute to better respiratory and cardiovascular well-being among urban residents.  Optimal Use of Urban Space: Car-free cities efficiently repurpose urban space by transforming parking lots and wide roads into green parks, recreational areas, and pedestrian zones. This reconfiguration revitalizes the urban landscape, enhancing the overall quality of life.  Traffic Congestion Reduction: A reduction in private cars results in less traffic congestion, shorter commutes, and a more stress-free daily urban experience for residents and commuters.  Economic Benefits: Car ownership can be a costly endeavor. By depending less on private vehicles, residents have the opportunity to save money on car-related expenses, leading to improved financial stability.  Transitioning to car-free cities, however, poses a unique set of challenges:  Resistance to Change: Many individuals heavily rely on their cars for daily activities and commutes, leading to potential resistance to the transition due to concerns about convenience and a perceived loss of personal freedom.  Public Transportation Infrastructure: The success of car-free cities depends on the availability and efficiency of public transportation. Substantial investments are needed to expand and enhance public transit systems, providing convenient alternatives to private cars.  Economic Impact: Businesses that rely on car-dependent customers may experience declining revenues during the transition. Addressing this economic impact and supporting affected businesses is a vital aspect of the transition.  Urban Planning and Infrastructure: The reconfiguration of urban areas for car-free living requires comprehensive planning and substantial investments in infrastructure, a complex and time-consuming process.  Solutions for successful implementation of car-free cities include expanding and enhancing public transportation, promoting active transportation methods such as walking and cycling, encouraging carpooling and ride-sharing, adopting electric and sustainable transportation options, and focusing on public education and awareness.  In conclusion, car-free cities offer an inspiring vision of a more sustainable, healthier, and community-centric urban future. Despite the challenges, the potential benefits in terms of environmental sustainability, public health, efficient urban living, and cost savings make them a worthwhile goal. By investing in public transportation, promoting alternative transportation methods, and engaging the public in the planning process, cities can work toward a future where private cars are no longer the dominant mode of transportation. Car-free cities represent a hopeful glimpse of a more sustainable and people-centric urban environment.",1
"  Rethinking Urban Life  The concept of car-free cities is gaining prominence as urban centers grapple with the complexities of rapid urbanization, environmental concerns, and the quest for sustainable living. Car-free cities envision urban spaces where private automobiles are either greatly restricted or entirely absent, making way for sustainable transportation alternatives and a greener urban landscape. This essay delves into the idea of car-free cities, shedding light on their potential benefits, challenges, and strategies for successful implementation.  Car-free cities represent a paradigm shift in urban living that prioritizes sustainability, well-being, and community.  Environmental Sustainability: By significantly reducing the number of cars on the road, car-free cities make a substantial contribution to curbing air pollution and greenhouse gas emissions, addressing the global challenge of climate change.  Public Health: Car-free cities prioritize pedestrian and cyclist safety, leading to fewer accidents and an overall enhancement of public health. Reduced air pollution levels contribute to better respiratory and cardiovascular well-being for urban residents.  Optimal Space Utilization: These cities transform urban spaces, repurposing parking lots and wide roads into green parks, recreational areas, and pedestrian zones. This urban rejuvenation improves the overall quality of life in these spaces.  Traffic Congestion Reduction: With fewer private cars on the road, traffic congestion is notably reduced, leading to shorter commutes and a more peaceful urban environment.  Economic Benefits: Car ownership can be an expensive endeavor. Relying less on private vehicles gives residents the opportunity to save money on car-related expenses, contributing to their overall financial well-being.  However, transitioning to car-free cities poses several unique challenges:  Resistance to Change: Many individuals depend heavily on their cars for daily activities and commutes. The transition to car-free living may face resistance from those who fear inconvenience and a perceived loss of personal freedom.  Public Transportation Infrastructure: Effective public transportation is essential for the success of car-free cities. Significant investments are required to expand and improve public transit systems, providing convenient alternatives to private cars.  Economic Impact: Businesses that rely on car-dependent customers may experience declining revenues during the transition. Mitigating this economic impact and supporting affected businesses is a crucial aspect of the transition.  Urban Planning and Infrastructure: The reconfiguration of urban areas for car-free living demands comprehensive planning and substantial investments in infrastructure, a complex and time-consuming process.  To successfully realize car-free cities, strategies include expanding and enhancing public transportation, promoting active transportation methods like walking and cycling, encouraging carpooling and ride-sharing, adopting electric and sustainable transportation options, and focusing on public education and awareness.  In conclusion, car-free cities offer an inspiring vision of a more sustainable, healthier, and community-focused urban future. Despite the challenges, the potential benefits in terms of environmental sustainability, public health, efficient urban living, and cost savings make them a compelling goal. By investing in public transportation, promoting alternative transportation methods, and engaging the public in the planning process, cities can work toward a future where private cars no longer dominate the urban landscape. Car-free cities represent a hopeful glimpse of a more sustainable and people-centric urban environment.",1
"  A Vision of Sustainable Urban Living  In an era characterized by rapid urbanization and increasing environmental concerns, the concept of car-free cities has emerged as a forward-thinking approach to address the complex challenges faced by urban areas. Car-free cities propose a transformation in the way we conceive urban life, where private automobiles are either severely restricted or entirely absent, paving the way for sustainable transportation options and greener urban environments. This essay explores the idea of car-free cities, emphasizing their potential benefits, challenges, and strategies for effective implementation.  Car-free cities represent a vision of urban living that emphasizes sustainability, health, and community well-being:  Environmental Sustainability: By significantly reducing the number of cars on the road, car-free cities play a vital role in reducing air pollution and greenhouse gas emissions, contributing to global efforts to combat climate change.  Public Health: These cities prioritize pedestrian and cyclist safety, leading to fewer accidents and improved public health. Reduced air pollution levels contribute to better respiratory and cardiovascular well-being among urban residents.  Optimal Use of Urban Space: Car-free cities efficiently repurpose urban space by transforming parking lots and wide roads into green parks, recreational areas, and pedestrian zones. This revitalizes the urban landscape, enhancing the overall quality of life for city residents.  Traffic Congestion Reduction: With fewer private cars on the road, traffic congestion is significantly reduced, leading to shorter commutes and a less stressful daily urban experience.  Economic Benefits: Car ownership can be an expensive endeavor. By depending less on private vehicles, residents have the opportunity to save money on car-related expenses, leading to improved financial stability.  However, transitioning to car-free cities presents its unique set of challenges:  Resistance to Change: Many individuals rely heavily on their cars for daily activities and commutes. The transition to car-free living may face resistance from those who fear inconvenience and a loss of personal freedom.  Public Transportation Infrastructure: The success of car-free cities depends on the availability and efficiency of public transportation. Substantial investments are required to expand and enhance public transit systems, providing convenient alternatives to private cars.  Economic Impact: Businesses that depend on car-dependent customers may experience declining revenues during the transition. Addressing this economic impact and supporting affected businesses is a crucial aspect of the transition.  Urban Planning and Infrastructure: The reconfiguration of urban areas for car-free living demands comprehensive planning and significant investments in infrastructure, a complex and time-consuming process.  Solutions for the successful implementation of car-free cities include expanding and enhancing public transportation, promoting active transportation methods such as walking and cycling, encouraging carpooling and ride-sharing, adopting electric and sustainable transportation options, and focusing on public education and awareness.  In conclusion, car-free cities offer an inspiring vision of a more sustainable, healthier, and community-centric urban future. Despite the challenges, the potential benefits in terms of environmental sustainability, public health, efficient urban living, and cost savings make them a worthy goal. By investing in public transportation, promoting alternative transportation methods, and engaging the public in the planning process, cities can work toward a future where private cars are no longer the dominant mode of transportation. Car-free cities represent a hopeful glimpse of a more sustainable and people-centric urban environment.",1
"  Shaping the Future of Urban Living  In an era marked by rapid urbanization and pressing environmental concerns, the concept of car-free cities has emerged as a visionary solution to the multifaceted challenges of urban life. These cities advocate for a transformation where private automobiles are either heavily restricted or entirely absent, making way for sustainable transportation options and a greener, more vibrant urban landscape. This essay delves into the idea of car-free cities, focusing on their potential benefits, challenges, and strategies for effective implementation.  Car-free cities represent a new vision of urban living that prioritizes sustainability, health, and community well-being:  Environmental Sustainability: By significantly reducing the number of cars on the road, car-free cities play a pivotal role in reducing air pollution and greenhouse gas emissions, contributing to the global fight against climate change.  Public Health: Car-free cities emphasize pedestrian and cyclist safety, leading to fewer accidents and improved public health. Reduced air pollution levels contribute to better respiratory and cardiovascular well-being for urban residents.  Optimal Space Utilization: These cities efficiently repurpose urban space by transforming parking lots and wide roads into green parks, recreational areas, and pedestrian zones. This urban revitalization enhances the overall quality of life in these spaces.  Traffic Congestion Reduction: With fewer private cars on the road, traffic congestion is greatly reduced, leading to shorter commutes and a less stressful daily urban experience for residents and commuters.  Economic Benefits: Car ownership can be a significant financial burden. By depending less on private vehicles, residents have the opportunity to save money on car-related expenses, improving their financial stability.  However, transitioning to car-free cities poses several unique challenges:  Resistance to Change: Many individuals rely heavily on their cars for daily activities and commutes. The transition to car-free living may face resistance from those who fear inconvenience and a perceived loss of personal freedom.  Public Transportation Infrastructure: Effective public transportation is essential for the success of car-free cities. Substantial investments are needed to expand and enhance public transit systems, providing convenient alternatives to private cars.  Economic Impact: Businesses that depend on car-dependent customers may experience declining revenues during the transition. Mitigating this economic impact and supporting affected businesses is a crucial aspect of the transition.  Urban Planning and Infrastructure: The reconfiguration of urban areas for car-free living demands comprehensive planning and significant investments in infrastructure, a complex and time-consuming process.  Solutions for the successful implementation of car-free cities include expanding and enhancing public transportation, promoting active transportation methods such as walking and cycling, encouraging carpooling and ride-sharing, adopting electric and sustainable transportation options, and focusing on public education and awareness.  In conclusion, car-free cities offer an inspiring vision of a more sustainable, healthier, and community-centric urban future. Despite the challenges, the potential benefits in terms of environmental sustainability, public health, efficient urban living, and cost savings make them a compelling goal. By investing in public transportation, promoting alternative transportation methods, and engaging the public in the planning process, cities can work toward a future where private cars no longer dominate the urban landscape. Car-free cities represent a hopeful glimpse of a more sustainable and people-centric urban environment.",1
"  Redefining Urban Living  In an era characterized by escalating urbanization and pressing environmental concerns, the idea of car-free cities is gaining momentum as an innovative approach to address the multifaceted challenges of urban life. Car-free cities advocate for a transformation where private automobiles are either significantly restricted or entirely absent, paving the way for sustainable transportation alternatives and a more sustainable urban environment. This essay explores the concept of car-free cities, focusing on their potential benefits, challenges, and strategies for effective implementation.  Car-free cities present a vision of urban living that prioritizes sustainability, public health, and community well-being:  Environmental Sustainability: By reducing the number of cars on the road, car-free cities play a vital role in reducing air pollution and greenhouse gas emissions, contributing to global efforts to combat climate change.  Public Health: Car-free cities prioritize pedestrian and cyclist safety, leading to fewer accidents and improved public health. Reduced air pollution levels contribute to better respiratory and cardiovascular well-being for urban residents.  Optimal Space Utilization: These cities efficiently repurpose urban space by transforming parking lots and wide roads into green parks, recreational areas, and pedestrian zones. This transformation revitalizes the urban landscape, enhancing the overall quality of life for city residents.  Traffic Congestion Reduction: With fewer private cars on the road, traffic congestion is significantly reduced, leading to shorter commutes and a less stressful urban experience for residents and commuters.  Economic Benefits: Car ownership can be a substantial financial burden. By depending less on private vehicles, residents have the opportunity to save money on car-related expenses, contributing to their overall financial well-being.  However, transitioning to car-free cities poses several unique challenges:  Resistance to Change: Many individuals heavily rely on their cars for daily activities and commutes. The transition to car-free living may face resistance from those who fear inconvenience and a perceived loss of personal freedom.  Public Transportation Infrastructure: Effective public transportation is essential for the success of car-free cities. Substantial investments are required to expand and enhance public transit systems, providing convenient alternatives to private cars.  Economic Impact: Businesses that depend on car-dependent customers may experience declining revenues during the transition. Addressing this economic impact and supporting affected businesses is a crucial aspect of the transition.  Urban Planning and Infrastructure: The reconfiguration of urban areas for car-free living demands comprehensive planning and significant investments in infrastructure, a complex and time-consuming process.  Solutions for successful implementation of car-free cities include expanding and enhancing public transportation, promoting active transportation methods such as walking and cycling, encouraging carpooling and ride-sharing, adopting electric and sustainable transportation options, and focusing on public education and awareness.  In conclusion, car-free cities offer an inspiring vision of a more sustainable, healthier, and community-centric urban future. Despite the challenges, the potential benefits in terms of environmental sustainability, public health, efficient urban living, and cost savings make them a compelling goal. By investing in public transportation, promoting alternative transportation methods, and engaging the public in the planning process, cities can work toward a future where private cars no longer dominate the urban landscape. Car-free cities represent a hopeful glimpse of a more sustainable and people-centric urban environment.",1
"  A Vision of Sustainable Urban Transformation  In a world marked by relentless urbanization and environmental challenges, the concept of car-free cities is gaining traction as a revolutionary approach to reenvision urban living. Car-free cities advocate for a paradigm shift where private automobiles are either drastically restricted or entirely eliminated, making way for sustainable transportation alternatives and a more eco-friendly urban environment. This essay delves into the idea of car-free cities, focusing on their potential benefits, challenges, and strategies for effective implementation.  Car-free cities represent a vision of urban living that champions sustainability, public health, and community well-being:  Environmental Sustainability: By significantly reducing the number of cars on the road, car-free cities play a crucial role in reducing air pollution and greenhouse gas emissions, addressing the pressing issue of climate change.  Public Health: These cities prioritize pedestrian and cyclist safety, leading to fewer accidents and improved public health. Reduced air pollution levels contribute to better respiratory and cardiovascular well-being for urban residents.  Optimal Space Utilization: Car-free cities efficiently repurpose urban space by converting parking lots and wide roads into green parks, recreational areas, and pedestrian zones. This transformation rejuvenates the urban landscape, enhancing the overall quality of life for city residents.  Traffic Congestion Reduction: With fewer private cars on the road, traffic congestion is significantly reduced, leading to shorter commutes and a less stressful daily urban experience.  Economic Benefits: Car ownership can be a significant financial burden. By relying less on private vehicles, residents have the opportunity to save money on car-related expenses, contributing to their overall financial well-being.  However, transitioning to car-free cities poses a unique set of challenges:  Resistance to Change: Many individuals heavily rely on their cars for daily activities and commutes. The transition to car-free living may face resistance from those who fear inconvenience and a perceived loss of personal freedom.  Public Transportation Infrastructure: Effective public transportation is essential for the success of car-free cities. Substantial investments are needed to expand and enhance public transit systems, providing convenient alternatives to private cars.  Economic Impact: Businesses that depend on car-dependent customers may experience declining revenues during the transition. Addressing this economic impact and supporting affected businesses is a crucial aspect of the transition.  Urban Planning and Infrastructure: The reconfiguration of urban areas for car-free living demands comprehensive planning and significant investments in infrastructure, a complex and time-consuming process.  Solutions for the successful implementation of car-free cities include expanding and enhancing public transportation, promoting active transportation methods such as walking and cycling, encouraging carpooling and ride-sharing, adopting electric and sustainable transportation options, and focusing on public education and awareness.  In conclusion, car-free cities offer an inspiring vision of a more sustainable, healthier, and community-centric urban future. Despite the challenges, the potential benefits in terms of environmental sustainability, public health, efficient urban living, and cost savings make them a compelling goal. By investing in public transportation, promoting alternative transportation methods, and engaging the public in the planning process, cities can work toward a future where private cars no longer dominate the urban landscape. Car-free cities represent a hopeful glimpse of a more sustainable and people-centric urban environment.",1
"  A Sustainable Urban Vision  In a world undergoing rapid urbanization and grappling with environmental issues, the idea of car-free cities is emerging as an innovative approach to reshape the urban landscape. Car-free cities propose a transformative shift where private automobiles are either heavily restricted or entirely absent, promoting sustainable transportation alternatives and a greener, more vibrant urban living. This essay explores the concept of car-free cities, with a focus on their potential benefits, challenges, and strategies for effective implementation.  Car-free cities represent a vision of urban living that prioritizes sustainability, public health, and community well-being:  Environmental Sustainability: By significantly reducing the number of cars on the road, car-free cities contribute significantly to reducing air pollution and greenhouse gas emissions, playing a crucial role in the global fight against climate change.  Public Health: These cities prioritize pedestrian and cyclist safety, leading to fewer accidents and improved public health. Reduced air pollution levels contribute to better respiratory and cardiovascular well-being for urban residents.  Optimal Use of Space: Car-free cities efficiently repurpose urban space by transforming parking lots and wide roads into green parks, recreational areas, and pedestrian zones. This revitalization enhances the overall quality of life in these spaces.  Traffic Congestion Reduction: With fewer private cars on the road, traffic congestion is substantially reduced, leading to shorter commutes and a less stressful daily urban experience for residents and commuters.  Economic Benefits: Car ownership can be financially burdensome. By relying less on private vehicles, residents have the opportunity to save money on car-related expenses, improving their overall financial stability.  However, transitioning to car-free cities presents a unique set of challenges:  Resistance to Change: Many individuals depend heavily on their cars for daily activities and commutes. The transition to car-free living may face resistance from those who fear inconvenience and a perceived loss of personal freedom.  Public Transportation Infrastructure: Effective public transportation is essential for the success of car-free cities. Substantial investments are needed to expand and enhance public transit systems, providing convenient alternatives to private cars.  Economic Impact: Businesses that rely on car-dependent customers may experience declining revenues during the transition. Addressing this economic impact and supporting affected businesses is a crucial aspect of the transition.  Urban Planning and Infrastructure: The reconfiguration of urban areas for car-free living demands comprehensive planning and significant investments in infrastructure, a complex and time-consuming process.  Solutions for the successful implementation of car-free cities include expanding and enhancing public transportation, promoting active transportation methods such as walking and cycling, encouraging carpooling and ride-sharing, adopting electric and sustainable transportation options, and focusing on public education and awareness.  In conclusion, car-free cities offer an inspiring vision of a more sustainable, healthier, and community-centric urban future. Despite the challenges, the potential benefits in terms of environmental sustainability, public health, efficient urban living, and cost savings make them a compelling goal. By investing in public transportation, promoting alternative transportation methods, and engaging the public in the planning process, cities can work toward a future where private cars no longer dominate the urban landscape. Car-free cities represent a hopeful glimpse of a more sustainable and people-centric urban environment.",1
"  Pioneering Sustainable Urban Living  In today's rapidly urbanizing world, the concept of car-free cities is gaining traction as a forward-thinking approach to address the multifaceted challenges of urban living. These cities propose a transformation where private automobiles are either heavily restricted or entirely absent, paving the way for sustainable transportation alternatives and a greener, more vibrant urban environment.  Car-free cities represent a vision of urban living that prioritizes sustainability, public health, and community well-being. They offer a hopeful glimpse of a more sustainable and people-centric urban environment, but transitioning to this model is not without its unique set of challenges.  One of the primary benefits of car-free cities lies in their potential to significantly reduce air pollution and greenhouse gas emissions, contributing to the global fight against climate change. By embracing pedestrian and cyclist safety, car-free cities aim to reduce accidents and improve public health. Reduced air pollution levels can lead to better respiratory and cardiovascular well-being among urban residents.  These cities also make efficient use of urban space, repurposing parking lots and wide roads into green parks, recreational areas, and pedestrian zones. This transformation rejuvenates the urban landscape, enhancing the overall quality of life for city residents.  Traffic congestion, a common urban woe, is notably reduced in car-free cities, resulting in shorter commutes and a more peaceful daily urban experience for residents and commuters. Additionally, the financial burden of car ownership is lightened as residents have the opportunity to save money on car-related expenses.  However, transitioning to car-free cities presents a unique set of challenges. Resistance to change is a significant obstacle, as many individuals rely heavily on their cars for daily activities and commutes. Public transportation infrastructure must be significantly expanded and enhanced to provide convenient alternatives to private cars. The economic impact on businesses that depend on car-dependent customers cannot be ignored, and addressing this impact is a crucial aspect of the transition. Finally, the reconfiguration of urban areas for car-free living demands comprehensive planning and significant investments in infrastructure.  To successfully realize car-free cities, strategies include expanding and enhancing public transportation, promoting active transportation methods like walking and cycling, encouraging carpooling and ride-sharing, adopting electric and sustainable transportation options, and focusing on public education and awareness. These steps can help cities work toward a future where private cars are no longer the dominant mode of transportation, and car-free cities become a beacon of sustainable, healthier, and community-centric urban living.  In conclusion, car-free cities present a promising vision for a more sustainable and people-centric urban environment. Despite the challenges, the potential benefits in terms of environmental sustainability, public health, efficient urban living, and cost savings make them a compelling goal for urban planners and communities looking to build a better future.",1
"In a rapidly urbanizing world, the concept of car-free cities is emerging as a revolutionary approach to address the multifaceted challenges of modern urban life. These cities advocate for a transformation in urban planning, where private automobiles are heavily restricted or entirely absent, making way for sustainable transportation alternatives and a greener, more vibrant urban environment.  Car-free cities represent a paradigm shift in urban living, focusing on sustainability, health, and community well-being. They offer a hopeful glimpse of a more sustainable and people-centric urban environment. The potential benefits are numerous, but they come with unique challenges that must be addressed.  One of the key benefits of car-free cities is their potential to significantly reduce air pollution and greenhouse gas emissions. By prioritizing pedestrian and cyclist safety, these cities aim to reduce accidents and improve public health, leading to better respiratory and cardiovascular well-being for urban residents. Efficient use of urban space is a central theme in car-free cities, repurposing parking lots and wide roads into green parks, recreational areas, and pedestrian zones. This transformation revitalizes the urban landscape, enhancing the overall quality of life for city residents. Less reliance on private cars translates to reduced traffic congestion, shorter commute times, and lower stress levels for urban inhabitants. Furthermore, car ownership can be a significant financial burden, and by depending less on private vehicles, residents have the opportunity to save money on car-related expenses, improving their financial stability.  However, transitioning to car-free cities is not without its unique set of challenges. Many individuals heavily rely on their cars for daily activities and commutes, which can result in resistance to the transition due to concerns about inconvenience and a perceived loss of personal freedom. Effective public transportation is essential for the success of car-free cities, and substantial investments are required to expand and enhance public transit systems, providing convenient alternatives to private cars. Businesses that depend on car-dependent customers may experience declining revenues during the transition, necessitating solutions to mitigate the economic impact. Redesigning urban areas for car-free living is a complex and time-consuming process, requiring comprehensive planning and substantial investments in infrastructure.  To successfully implement car-free cities, solutions include expanding and improving public transportation, promoting active transportation methods such as walking and cycling, encouraging carpooling and ride-sharing, adopting electric and sustainable transportation options, and focusing on public education and awareness.  In conclusion, car-free cities offer a visionary perspective on more sustainable, healthier, and community-centric urban living. Despite the challenges, the potential benefits in terms of environmental sustainability, public health, efficient urban living, and cost savings make them a worthwhile aspiration. By investing in public transportation, promoting alternative transportation methods, and engaging the public in the planning process, cities can work toward a future where private cars are no longer the dominant mode of transportation. Car-free cities represent a hopeful glimpse of a more sustainable and people-centric urban environment.",1
"  A Vision of Sustainable Urban Living  In an era marked by rapid urbanization and environmental concerns, the concept of car-free cities is gaining traction as an innovative approach to address the multifaceted challenges of urban living. Car-free cities propose a transformation where private automobiles are either heavily restricted or entirely absent, paving the way for sustainable transportation alternatives and a greener, more vibrant urban environment.  Car-free cities represent a visionary shift in urban living, emphasizing sustainability, public health, and community well-being. They offer a glimpse of a more sustainable and people-centric urban environment, but transitioning to this model is not without its unique set of challenges.  One of the primary benefits of car-free cities lies in their potential to significantly reduce air pollution and greenhouse gas emissions. By prioritizing pedestrian and cyclist safety, these cities aim to reduce accidents and improve public health, leading to better respiratory and cardiovascular well-being for urban residents. These cities make efficient use of urban space, repurposing parking lots and wide roads into green parks, recreational areas, and pedestrian zones. This transformation rejuvenates the urban landscape, enhancing the overall quality of life for city residents.  Traffic congestion, a common urban woe, is notably reduced in car-free cities, resulting in shorter commutes and a more peaceful daily urban experience for residents and commuters. Additionally, the financial burden of car ownership is lightened as residents have the opportunity to save money on car-related expenses.  However, transitioning to car-free cities presents a unique set of challenges. Many individuals heavily rely on their cars for daily activities and commutes, which can result in resistance to the transition due to concerns about inconvenience and a perceived loss of personal freedom. Effective public transportation is essential for the success of car-free cities, and substantial investments are required to expand and enhance public transit systems, providing convenient alternatives to private cars. Businesses that depend on car-dependent customers may experience declining revenues during the transition, necessitating solutions to mitigate the economic impact. Redesigning urban areas for car-free living is a complex and time-consuming process, requiring comprehensive planning and significant investments in infrastructure.  To successfully implement car-free cities, solutions include expanding and improving public transportation, promoting active transportation methods such as walking and cycling, encouraging carpooling and ride-sharing, adopting electric and sustainable transportation options, and focusing on public education and awareness.  In conclusion, car-free cities offer an inspiring vision of a more sustainable, healthier, and community-centric urban future. Despite the challenges, the potential benefits in terms of environmental sustainability, public health, efficient urban living, and cost savings make them a compelling goal. By investing in public transportation, promoting alternative transportation methods, and engaging the public in the planning process, cities can work toward a future where private cars are no longer the dominant mode of transportation. Car-free cities represent a hopeful glimpse of a more sustainable and people-centric urban environment.",1
"  A Sustainable Urban Vision  In an increasingly urbanized world, the concept of car-free cities is gaining momentum as a revolutionary approach to re-envision urban living. These cities propose a fundamental shift away from private automobiles, either through severe restrictions or outright bans, and in doing so, they advocate for sustainable transportation alternatives and a greener, more vibrant urban environment.  Car-free cities represent a paradigm shift in urban living, focusing on sustainability, health, and community well-being. They offer a hopeful glimpse of a more sustainable and people-centric urban environment, but transitioning to this model is not without its unique set of challenges.  One of the key benefits of car-free cities is their potential to significantly reduce air pollution and greenhouse gas emissions. By prioritizing pedestrian and cyclist safety, these cities aim to reduce accidents and improve public health, leading to better respiratory and cardiovascular well-being for urban residents. Efficient use of urban space is a central theme in car-free cities, repurposing parking lots and wide roads into green parks, recreational areas, and pedestrian zones. This transformation revitalizes the urban landscape, enhancing the overall quality of life for city residents. Less reliance on private cars translates to reduced traffic congestion, shorter commute times, and lower stress levels for urban inhabitants. Furthermore, car ownership can be a significant financial burden, and by depending less on private vehicles, residents have the opportunity to save money on car-related expenses, improving their financial stability.  However, transitioning to car-free cities is not without its unique set of challenges. Many individuals heavily rely on their cars for daily activities and commutes, which can result in resistance to the transition due to concerns about inconvenience and a perceived loss of personal freedom. Effective public transportation is essential for the success of car-free cities, and substantial investments are required to expand and enhance public transit systems, providing convenient alternatives to private cars. Businesses that depend on car-dependent customers may experience declining revenues during the transition, necessitating solutions to mitigate the economic impact. Redesigning urban areas for car-free living is a complex and time-consuming process, requiring comprehensive planning and substantial investments in infrastructure.  To successfully implement car-free cities, solutions include expanding and improving public transportation, promoting active transportation methods such as walking and cycling, encouraging carpooling and ride-sharing, adopting electric and sustainable transportation options, and focusing on public education and awareness.  In conclusion, car-free cities offer a visionary perspective on more sustainable, healthier, and community-centric urban living. Despite the challenges, the potential benefits in terms of environmental sustainability, public health, efficient urban living, and cost savings make them a worthwhile aspiration. By investing in public transportation, promoting alternative transportation methods, and engaging the public in the planning process, cities can work toward a future where private cars are no longer the dominant mode of transportation. Car-free cities represent a hopeful glimpse of a more sustainable and people-centric urban environment.",1
"In today's rapidly urbanizing world, the concept of car-free cities is gaining traction as an innovative approach to address the multifaceted challenges of modern urban life. These cities propose a transformation in urban planning, where private automobiles are either heavily restricted or entirely absent, making way for sustainable transportation alternatives and a greener, more vibrant urban environment.  Car-free cities represent a visionary shift in urban living, focusing on sustainability, health, and community well-being. They offer a hopeful glimpse of a more sustainable and people-centric urban environment, but transitioning to this model is not without its unique set of challenges.  One of the primary benefits of car-free cities lies in their potential to significantly reduce air pollution and greenhouse gas emissions. By prioritizing pedestrian and cyclist safety, these cities aim to reduce accidents and improve public health, leading to better respiratory and cardiovascular well-being for urban residents. These cities make efficient use of urban space, repurposing parking lots and wide roads into green parks, recreational areas, and pedestrian zones. This transformation revitalizes the urban landscape, enhancing the overall quality of life for city residents. Less reliance on private cars translates to reduced traffic congestion, shorter commute times, and lower stress levels for urban inhabitants. Furthermore, car ownership can be a significant financial burden, and by depending less on private vehicles, residents have the opportunity to save money on car-related expenses, improving their financial stability.  However, transitioning to car-free cities is not without its unique set of challenges. Many individuals heavily rely on their cars for daily activities and commutes, which can result in resistance to the transition due to concerns about inconvenience and a perceived loss of personal freedom. Effective public transportation is essential for the success of car-free cities, and substantial investments are required to expand and enhance public transit systems, providing convenient alternatives to private cars. Businesses that depend on car-dependent customers may experience declining revenues during the transition, necessitating solutions to mitigate the economic impact. Redesigning urban areas for car-free living is a complex and time-consuming process, requiring comprehensive planning and substantial investments in infrastructure.  To successfully implement car-free cities, solutions include expanding and improving public transportation, promoting active transportation methods such as walking and cycling, encouraging carpooling and ride-sharing, adopting electric and sustainable transportation options, and focusing on public education and awareness.  In conclusion, car-free cities offer a visionary perspective on more sustainable, healthier, and community-centric urban living. Despite the challenges, the potential benefits in terms of environmental sustainability, public health, efficient urban living, and cost savings make them a worthwhile aspiration. By investing in public transportation, promoting alternative transportation methods, and engaging the public in the planning process, cities can work toward a future where private cars are no longer the dominant mode of transportation. Car-free cities represent a hopeful glimpse of a more sustainable and people-centric urban environment.",1
"  A Path to Sustainable Urban Futures  In a world characterized by ever-increasing urbanization and environmental concerns, the concept of car-free cities has emerged as a visionary approach to tackling the multifaceted challenges of modern urban life. These cities propose a profound shift in urban planning, where private automobiles are either heavily restricted or entirely absent, making way for sustainable transportation alternatives and a greener, more vibrant urban landscape.  Car-free cities represent a pioneering vision of urban living that prioritizes sustainability, public health, and community well-being. They offer a hopeful glimpse of a more sustainable and people-centric urban environment. However, transitioning to this model is not without its unique set of challenges.  One of the central benefits of car-free cities lies in their potential to significantly reduce air pollution and greenhouse gas emissions. By emphasizing pedestrian and cyclist safety, these cities aim to reduce accidents and improve public health, leading to better respiratory and cardiovascular well-being for urban residents. These cities effectively utilize urban space, converting parking lots and wide roads into green parks, recreational areas, and pedestrian zones. This transformation reinvigorates the urban landscape, enhancing the overall quality of life for city residents. Less reliance on private cars translates to reduced traffic congestion, shorter commute times, and lower stress levels for urban inhabitants. Furthermore, car ownership can be a substantial financial burden, and by depending less on private vehicles, residents have the opportunity to save money on car-related expenses, thereby enhancing their financial stability.  However, transitioning to car-free cities is not without its unique set of challenges. Many individuals heavily rely on their cars for daily activities and commutes, which can result in resistance to the transition due to concerns about inconvenience and a perceived loss of personal freedom. Effective public transportation is essential for the success of car-free cities, and substantial investments are required to expand and enhance public transit systems, providing convenient alternatives to private cars. Businesses that depend on car-dependent customers may experience declining revenues during the transition, necessitating solutions to mitigate the economic impact. The process of reconfiguring urban areas for car-free living is complex and time-consuming, requiring comprehensive planning and substantial investments in infrastructure.  To successfully implement car-free cities, solutions include expanding and improving public transportation, promoting active transportation methods such as walking and cycling, encouraging carpooling and ride-sharing, adopting electric and sustainable transportation options, and focusing on public education and awareness.  In conclusion, car-free cities present a visionary perspective on more sustainable, healthier, and community-centric urban living. Despite the challenges, the potential benefits in terms of environmental sustainability, public health, efficient urban living, and cost savings make them a compelling goal. By investing in public transportation, promoting alternative transportation methods, and engaging the public in the planning process, cities can work toward a future where private cars are no longer the dominant mode of transportation. Car-free cities represent a hopeful glimpse of a more sustainable and people-centric urban environment.",1
"  A Path to Sustainable Urban Futures  In a world characterized by ever-increasing urbanization and environmental concerns, the concept of car-free cities has emerged as a visionary approach to tackling the multifaceted challenges of modern urban life. These cities propose a profound shift in urban planning, where private automobiles are either heavily restricted or entirely absent, making way for sustainable transportation alternatives and a greener, more vibrant urban landscape.  Car-free cities represent a pioneering vision of urban living that prioritizes sustainability, public health, and community well-being. They offer a hopeful glimpse of a more sustainable and people-centric urban environment. However, transitioning to this model is not without its unique set of challenges.  One of the central benefits of car-free cities lies in their potential to significantly reduce air pollution and greenhouse gas emissions. By emphasizing pedestrian and cyclist safety, these cities aim to reduce accidents and improve public health, leading to better respiratory and cardiovascular well-being for urban residents. These cities effectively utilize urban space, converting parking lots and wide roads into green parks, recreational areas, and pedestrian zones. This transformation reinvigorates the urban landscape, enhancing the overall quality of life for city residents. Less reliance on private cars translates to reduced traffic congestion, shorter commute times, and lower stress levels for urban inhabitants. Furthermore, car ownership can be a substantial financial burden, and by depending less on private vehicles, residents have the opportunity to save money on car-related expenses, thereby enhancing their financial stability.  However, transitioning to car-free cities is not without its unique set of challenges. Many individuals heavily rely on their cars for daily activities and commutes, which can result in resistance to the transition due to concerns about inconvenience and a perceived loss of personal freedom. Effective public transportation is essential for the success of car-free cities, and substantial investments are required to expand and enhance public transit systems, providing convenient alternatives to private cars. Businesses that depend on car-dependent customers may experience declining revenues during the transition, necessitating solutions to mitigate the economic impact. The process of reconfiguring urban areas for car-free living is complex and time-consuming, requiring comprehensive planning and substantial investments in infrastructure.  To successfully implement car-free cities, solutions include expanding and improving public transportation, promoting active transportation methods such as walking and cycling, encouraging carpooling and ride-sharing, adopting electric and sustainable transportation options, and focusing on public education and awareness.  In conclusion, car-free cities present a visionary perspective on more sustainable, healthier, and community-centric urban living. Despite the challenges, the potential benefits in terms of environmental sustainability, public health, efficient urban living, and cost savings make them a compelling goal. By investing in public transportation, promoting alternative transportation methods, and engaging the public in the planning process, cities can work toward a future where private cars are no longer the dominant mode of transportation. Car-free cities represent a hopeful glimpse of a more sustainable and people-centric urban environment.",1
"  Transforming Urban Living for a Sustainable Future  In an age of rapid urbanization and increasing environmental concerns, the concept of car-free cities has emerged as a transformative solution to address the complex challenges of modern urban life. Car-free cities propose a fundamental shift in urban planning, where private automobiles are either heavily restricted or entirely absent, giving rise to sustainable transportation alternatives and a greener, more vibrant urban landscape.  Car-free cities represent a visionary vision of urban living, one that prioritizes sustainability, public health, and community well-being. They offer a hopeful glimpse of a more sustainable and people-centric urban environment, yet this transition comes with a unique set of challenges.  One of the primary benefits of car-free cities is their potential to significantly reduce air pollution and greenhouse gas emissions. By promoting pedestrian and cyclist safety, these cities aim to reduce accidents and improve public health, contributing to better respiratory and cardiovascular well-being for urban residents. Moreover, car-free cities optimize urban space, repurposing parking lots and wide roads into green parks, recreational areas, and pedestrian zones. This transformation revitalizes the urban landscape, enhancing the overall quality of life for city residents. Reduced reliance on private cars results in decreased traffic congestion, shorter commute times, and reduced stress levels for urban inhabitants. Additionally, car ownership can be a substantial financial burden, and by relying less on private vehicles, residents have the opportunity to save money on car-related expenses, improving their financial stability.  However, transitioning to car-free cities is not without its unique set of challenges. Many individuals heavily rely on their cars for daily activities and commutes, which can result in resistance to the transition due to concerns about inconvenience and a perceived loss of personal freedom. Effective public transportation is essential for the success of car-free cities, and substantial investments are required to expand and enhance public transit systems, providing convenient alternatives to private cars. Businesses that depend on car-dependent customers may experience declining revenues during the transition, necessitating solutions to mitigate the economic impact. The process of reconfiguring urban areas for car-free living is complex and time-consuming, requiring comprehensive planning and substantial investments in infrastructure.  To successfully implement car-free cities, solutions include expanding and improving public transportation, promoting active transportation methods such as walking and cycling, encouraging carpooling and ride-sharing, adopting electric and sustainable transportation options, and focusing on public education and awareness.  In conclusion, car-free cities offer a visionary perspective on more sustainable, healthier, and community-centric urban living. Despite the challenges, the potential benefits in terms of environmental sustainability, public health, efficient urban living, and cost savings make them a compelling goal. By investing in public transportation, promoting alternative transportation methods, and engaging the public in the planning process, cities can work toward a future where private cars are no longer the dominant mode of transportation. Car-free cities represent a hopeful glimpse of a more sustainable and people-centric urban environment.",1
"Car-free cities represent a visionary perspective on urban living, one that centers on sustainability, public health, and community well-being. They offer a glimpse of a more sustainable and people-centric urban environment, yet this transition comes with its unique set of challenges.  One of the primary benefits of car-free cities lies in their potential to significantly reduce air pollution and greenhouse gas emissions. By prioritizing pedestrian and cyclist safety, these cities aim to reduce accidents and improve public health, contributing to better respiratory and cardiovascular well-being for urban residents. Moreover, car-free cities efficiently utilize urban space, converting parking lots and wide roads into green parks, recreational areas, and pedestrian zones. This transformation rejuvenates the urban landscape, enhancing the overall quality of life for city residents. Reduced reliance on private cars results in decreased traffic congestion, shorter commute times, and reduced stress levels for urban inhabitants. Additionally, car ownership can be a substantial financial burden, and by relying less on private vehicles, residents have the opportunity to save money on car-related expenses, improving their financial stability.  However, transitioning to car-free cities is not without its unique set of challenges. Many individuals heavily rely on their cars for daily activities and commutes, which can result in resistance to the transition due to concerns about inconvenience and a perceived loss of personal freedom. Effective public transportation is essential for the success of car-free cities, and substantial investments are required to expand and enhance public transit systems, providing convenient alternatives to private cars. Businesses that depend on car-dependent customers may experience declining revenues during the transition, necessitating solutions to mitigate the economic impact. The process of reconfiguring urban areas for car-free living is complex and time-consuming, requiring comprehensive planning and substantial investments in infrastructure.  To successfully implement car-free cities, solutions include expanding and improving public transportation, promoting active transportation methods such as walking and cycling, encouraging carpooling and ride-sharing, adopting electric and sustainable transportation options, and focusing on public education and awareness.  In conclusion, car-free cities offer a visionary perspective on more sustainable, healthier, and community-centric urban living. Despite the challenges, the potential benefits in terms of environmental sustainability, public health, efficient urban living, and cost savings make them a compelling goal. By investing in public transportation, promoting alternative transportation methods, and engaging the public in the planning process, cities can work toward a future where private cars are no longer the dominant mode of transportation. Car-free cities represent a hopeful glimpse of a more sustainable and people-centric urban environment.",1
"  Revolutionizing Urban Living  In a world marked by relentless urbanization and increasing environmental concerns, the concept of car-free cities is emerging as an innovative approach to address the multifaceted challenges of modern urban life. These cities propose a profound shift in urban planning, where private automobiles are either heavily restricted or entirely absent, paving the way for sustainable transportation alternatives and a greener, more vibrant urban environment.  Car-free cities represent a visionary perspective on urban living, prioritizing sustainability, public health, and community well-being. They offer a hopeful glimpse of a more sustainable and people-centric urban environment, yet this transition is not without its unique set of challenges.  One of the key benefits of car-free cities is their potential to significantly reduce air pollution and greenhouse gas emissions. By emphasizing pedestrian and cyclist safety, these cities aim to reduce accidents and improve public health, leading to better respiratory and cardiovascular well-being for urban residents. Furthermore, car-free cities make efficient use of urban space, converting parking lots and wide roads into green parks, recreational areas, and pedestrian zones. This transformation revitalizes the urban landscape, enhancing the overall quality of life for city residents. Reduced reliance on private cars results in decreased traffic congestion, shorter commute times, and reduced stress levels for urban inhabitants. Additionally, car ownership can be a significant financial burden, and by relying less on private vehicles, residents have the opportunity to save money on car-related expenses, improving their financial stability.  However, transitioning to car-free cities is not without its unique set of challenges. Many individuals heavily rely on their cars for daily activities and commutes, which can result in resistance to the transition due to concerns about inconvenience and a perceived loss of personal freedom. Effective public transportation is essential for the success of car-free cities, and substantial investments are required to expand and enhance public transit systems, providing convenient alternatives to private cars. Businesses that depend on car-dependent customers may experience declining revenues during the transition, necessitating solutions to mitigate the economic impact. The process of reconfiguring urban areas for car-free living is complex and time-consuming, requiring comprehensive planning and substantial investments in infrastructure.  To successfully implement car-free cities, solutions include expanding and improving public transportation, promoting active transportation methods such as walking and cycling, encouraging carpooling and ride-sharing, adopting electric and sustainable transportation options, and focusing on public education and awareness.  In conclusion, car-free cities offer a visionary perspective on more sustainable, healthier, and community-centric urban living. Despite the challenges, the potential benefits in terms of environmental sustainability, public health, efficient urban living, and cost savings make them a compelling goal. By investing in public transportation, promoting alternative transportation methods, and engaging the public in the planning process, cities can work toward a future where private cars are no longer the dominant mode of transportation. Car-free cities represent a hopeful glimpse of a more sustainable and people-centric urban environment.",1
"  Pioneering Urban Sustainability  In a world characterized by accelerating urbanization and mounting environmental concerns, the concept of car-free cities has emerged as a forward-thinking approach to address the multifaceted challenges of modern urban living. Car-free cities propose a fundamental shift in urban planning, where private automobiles are either heavily restricted or entirely absent, paving the way for sustainable transportation alternatives and a greener, more vibrant urban environment.  Car-free cities represent a visionary perspective on urban living, focusing on sustainability, public health, and community well-being. They offer a hopeful glimpse of a more sustainable and people-centric urban environment, yet this transition is not without its unique set of challenges.  One of the key benefits of car-free cities lies in their potential to significantly reduce air pollution and greenhouse gas emissions. By prioritizing pedestrian and cyclist safety, these cities aim to reduce accidents and improve public health, contributing to better respiratory and cardiovascular well-being for urban residents. Moreover, car-free cities make efficient use of urban space, converting parking lots and wide roads into green parks, recreational areas, and pedestrian zones. This transformation revitalizes the urban landscape, enhancing the overall quality of life for city residents. Reduced reliance on private cars results in decreased traffic congestion, shorter commute times, and reduced stress levels for urban inhabitants. Additionally, car ownership can be a significant financial burden, and by relying less on private vehicles, residents have the opportunity to save money on car-related expenses, improving their financial stability.  However, transitioning to car-free cities is not without its unique set of challenges. Many individuals heavily rely on their cars for daily activities and commutes, which can result in resistance to the transition due to concerns about inconvenience and a perceived loss of personal freedom. Effective public transportation is essential for the success of car-free cities, and substantial investments are required to expand and enhance public transit systems, providing convenient alternatives to private cars. Businesses that depend on car-dependent customers may experience declining revenues during the transition, necessitating solutions to mitigate the economic impact. The process of reconfiguring urban areas for car-free living is complex and time-consuming, requiring comprehensive planning and substantial investments in infrastructure.  To successfully implement car-free cities, solutions include expanding and improving public transportation, promoting active transportation methods such as walking and cycling, encouraging carpooling and ride-sharing, adopting electric and sustainable transportation options, and focusing on public education and awareness.  In conclusion, car-free cities offer a visionary perspective on more sustainable, healthier, and community-centric urban living. Despite the challenges, the potential benefits in terms of environmental sustainability, public health, efficient urban living, and cost savings make them a compelling goal. By investing in public transportation, promoting alternative transportation methods, and engaging the public in the planning process, cities can work toward a future where private cars are no longer the dominant mode of transportation. Car-free cities represent a hopeful glimpse of a more sustainable and people-centric urban environment.",1
"  A Vision for Sustainable Urban Transformation  In an era defined by rapid urbanization and mounting environmental concerns, the concept of car-free cities has risen as a visionary approach to address the complex challenges of modern urban living. These cities propose a fundamental shift in urban planning, where private automobiles are either heavily restricted or entirely absent, creating space for sustainable transportation alternatives and a greener, more vibrant urban landscape.  Car-free cities represent a transformative vision of urban living, with a core focus on sustainability, public health, and community well-being. They provide a hopeful glimpse of a more sustainable and people-centric urban environment, though the transition comes with a unique set of challenges.  One of the central benefits of car-free cities is their potential to significantly reduce air pollution and greenhouse gas emissions. By prioritizing pedestrian and cyclist safety, these cities aim to reduce accidents and improve public health, leading to better respiratory and cardiovascular well-being for urban residents. Moreover, car-free cities make efficient use of urban space, repurposing parking lots and wide roads into green parks, recreational areas, and pedestrian zones. This transformation rejuvenates the urban landscape, enhancing the overall quality of life for city residents. Reduced reliance on private cars results in decreased traffic congestion, shorter commute times, and reduced stress levels for urban inhabitants. Additionally, car ownership can be a significant financial burden, and by relying less on private vehicles, residents have the opportunity to save money on car-related expenses, improving their financial stability.  However, transitioning to car-free cities is not without its unique set of challenges. Many individuals heavily rely on their cars for daily activities and commutes, which can result in resistance to the transition due to concerns about inconvenience and a perceived loss of personal freedom. Effective public transportation is essential for the success of car-free cities, and substantial investments are required to expand and enhance public transit systems, providing convenient alternatives to private cars. Businesses that depend on car-dependent customers may experience declining revenues during the transition, necessitating solutions to mitigate the economic impact. The process of reconfiguring urban areas for car-free living is complex and time-consuming, requiring comprehensive planning and substantial investments in infrastructure.  To successfully implement car-free cities, solutions include expanding and improving public transportation, promoting active transportation methods such as walking and cycling, encouraging carpooling and ride-sharing, adopting electric and sustainable transportation options, and focusing on public education and awareness.  In conclusion, car-free cities offer a visionary perspective on more sustainable, healthier, and community-centric urban living. Despite the challenges, the potential benefits in terms of environmental sustainability, public health, efficient urban living, and cost savings make them a compelling goal. By investing in public transportation, promoting alternative transportation methods, and engaging the public in the planning process, cities can work toward a future where private cars are no longer the dominant mode of transportation. Car-free cities represent a hopeful glimpse of a more sustainable and people-centric urban environment.",1
"  A Blueprint for Sustainable Urban Futures  In a world marked by relentless urbanization and growing environmental concerns, the concept of car-free cities has emerged as a groundbreaking approach to address the multifaceted challenges of modern urban life. These cities propose a fundamental shift in urban planning, where private automobiles are either heavily restricted or entirely absent, making room for sustainable transportation alternatives and a greener, more vibrant urban environment.  Car-free cities represent a visionary perspective on urban living, focusing on sustainability, public health, and community well-being. They offer a hopeful glimpse of a more sustainable and people-centric urban environment, though this transition is not without its unique set of challenges.  One of the primary benefits of car-free cities lies in their potential to significantly reduce air pollution and greenhouse gas emissions. By prioritizing pedestrian and cyclist safety, these cities aim to reduce accidents and improve public health, leading to better respiratory and cardiovascular well-being for urban residents. Moreover, car-free cities make efficient use of urban space, converting parking lots and wide roads into green parks, recreational areas, and pedestrian zones. This transformation revitalizes the urban landscape, enhancing the overall quality of life for city residents. Reduced reliance on private cars results in decreased traffic congestion, shorter commute times, and reduced stress levels for urban inhabitants. Additionally, car ownership can be a significant financial burden, and by relying less on private vehicles, residents have the opportunity to save money on car-related expenses, improving their financial stability.  However, transitioning to car-free cities is not without its unique set of challenges. Many individuals heavily rely on their cars for daily activities and commutes, which can result in resistance to the transition due to concerns about inconvenience and a perceived loss of personal freedom. Effective public transportation is essential for the success of car-free cities, and substantial investments are required to expand and enhance public transit systems, providing convenient alternatives to private cars. Businesses that depend on car-dependent customers may experience declining revenues during the transition, necessitating solutions to mitigate the economic impact. The process of reconfiguring urban areas for car-free living is complex and time-consuming, requiring comprehensive planning and substantial investments in infrastructure.  To successfully implement car-free cities, solutions include expanding and improving public transportation, promoting active transportation methods such as walking and cycling, encouraging carpooling and ride-sharing, adopting electric and sustainable transportation options, and focusing on public education and awareness.  In conclusion, car-free cities offer a visionary perspective on more sustainable, healthier, and community-centric urban living. Despite the challenges, the potential benefits in terms of environmental sustainability, public health, efficient urban living, and cost savings make them a compelling goal. By investing in public transportation, promoting alternative transportation methods, and engaging the public in the planning process, cities can work toward a future where private cars are no longer the dominant mode of transportation. Car-free cities represent a hopeful glimpse of a more sustainable and people-centric urban environment.",1
"  A Sustainable Vision for Tomorrow  In an era marked by rapid urbanization and escalating environmental concerns, the concept of car-free cities has emerged as a pioneering approach to address the complex challenges of modern urban life. These cities propose a fundamental shift in urban planning, where private automobiles are either heavily restricted or entirely absent, making space for sustainable transportation alternatives and a greener, more vibrant urban environment.  Car-free cities represent a visionary perspective on urban living, focusing on sustainability, public health, and community well-being. They offer a hopeful glimpse of a more sustainable and people-centric urban environment, though this transition is not without its unique set of challenges.  One of the key benefits of car-free cities is their potential to significantly reduce air pollution and greenhouse gas emissions. By prioritizing pedestrian and cyclist safety, these cities aim to reduce accidents and improve public health, contributing to better respiratory and cardiovascular well-being for urban residents. Moreover, car-free cities make efficient use of urban space, converting parking lots and wide roads into green parks, recreational areas, and pedestrian zones. This transformation revitalizes the urban landscape, enhancing the overall quality of life for city residents. Reduced reliance on private cars results in decreased traffic congestion, shorter commute times, and reduced stress levels for urban inhabitants. Additionally, car ownership can be a significant financial burden, and by relying less on private vehicles, residents have the opportunity to save money on car-related expenses, improving their financial stability.  However, transitioning to car-free cities is not without its unique set of challenges. Many individuals heavily rely on their cars for daily activities and commutes, which can result in resistance to the transition due to concerns about inconvenience and a perceived loss of personal freedom. Effective public transportation is essential for the success of car-free cities, and substantial investments are required to expand and enhance public transit systems, providing convenient alternatives to private cars. Businesses that depend on car-dependent customers may experience declining revenues during the transition, necessitating solutions to mitigate the economic impact. The process of reconfiguring urban areas for car-free living is complex and time-consuming, requiring comprehensive planning and substantial investments in infrastructure.  To successfully implement car-free cities, solutions include expanding and improving public transportation, promoting active transportation methods such as walking and cycling, encouraging carpooling and ride-sharing, adopting electric and sustainable transportation options, and focusing on public education and awareness.  In conclusion, car-free cities offer a visionary perspective on more sustainable, healthier, and community-centric urban living. Despite the challenges, the potential benefits in terms of environmental sustainability, public health, efficient urban living, and cost savings make them a compelling goal. By investing in public transportation, promoting alternative transportation methods, and engaging the public in the planning process, cities can work toward a future where private cars are no longer the dominant mode of transportation. Car-free cities represent a hopeful glimpse of a more sustainable and people-centric urban environment.",1
"  A Blueprint for Sustainable Urban Living  In an era marked by rapid urbanization and escalating environmental concerns, the concept of car-free cities has emerged as a pioneering approach to address the multifaceted challenges of modern urban life. These cities propose a fundamental shift in urban planning, where private automobiles are either heavily restricted or entirely absent, making space for sustainable transportation alternatives and a greener, more vibrant urban environment.  Car-free cities represent a visionary perspective on urban living, focusing on sustainability, public health, and community well-being. They offer a hopeful glimpse of a more sustainable and people-centric urban environment, though this transition is not without its unique set of challenges.  One of the key benefits of car-free cities is their potential to significantly reduce air pollution and greenhouse gas emissions. By prioritizing pedestrian and cyclist safety, these cities aim to reduce accidents and improve public health, contributing to better respiratory and cardiovascular well-being for urban residents. Moreover, car-free cities make efficient use of urban space, converting parking lots and wide roads into green parks, recreational areas, and pedestrian zones. This transformation revitalizes the urban landscape, enhancing the overall quality of life for city residents. Reduced reliance on private cars results in decreased traffic congestion, shorter commute times, and reduced stress levels for urban inhabitants. Additionally, car ownership can be a significant financial burden, and by relying less on private vehicles, residents have the opportunity to save money on car-related expenses, improving their financial stability.  However, transitioning to car-free cities is not without its unique set of challenges. Many individuals heavily rely on their cars for daily activities and commutes, which can result in resistance to the transition due to concerns about inconvenience and a perceived loss of personal freedom. Effective public transportation is essential for the success of car-free cities, and substantial investments are required to expand and enhance public transit systems, providing convenient alternatives to private cars. Businesses that depend on car-dependent customers may experience declining revenues during the transition, necessitating solutions to mitigate the economic impact. The process of reconfiguring urban areas for car-free living is complex and time-consuming, requiring comprehensive planning and substantial investments in infrastructure.  To successfully implement car-free cities, solutions include expanding and improving public transportation, promoting active transportation methods such as walking and cycling, encouraging carpooling and ride-sharing, adopting electric and sustainable transportation options, and focusing on public education and awareness.  In conclusion, car-free cities offer a visionary perspective on more sustainable, healthier, and community-centric urban living. Despite the challenges, the potential benefits in terms of environmental sustainability, public health, efficient urban living, and cost savings make them a compelling goal. By investing in public transportation, promoting alternative transportation methods, and engaging the public in the planning process, cities can work toward a future where private cars are no longer the dominant mode of transportation. Car-free cities represent a hopeful glimpse of a more sustainable and people-centric urban environment.",1
"  A New Paradigm for Sustainable Urban Living  In a world marked by relentless urbanization and growing environmental concerns, the concept of car-free cities has emerged as a pioneering approach to address the multifaceted challenges of modern urban life. These cities propose a fundamental shift in urban planning, where private automobiles are either heavily restricted or entirely absent, making space for sustainable transportation alternatives and a greener, more vibrant urban environment.  Car-free cities represent a visionary perspective on urban living, focusing on sustainability, public health, and community well-being. They offer a hopeful glimpse of a more sustainable and people-centric urban environment, though this transition is not without its unique set of challenges.  One of the key benefits of car-free cities lies in their potential to significantly reduce air pollution and greenhouse gas emissions. By prioritizing pedestrian and cyclist safety, these cities aim to reduce accidents and improve public health, contributing to better respiratory and cardiovascular well-being for urban residents. Moreover, car-free cities make efficient use of urban space, converting parking lots and wide roads into green parks, recreational areas, and pedestrian zones. This transformation rejuvenates the urban landscape, enhancing the overall quality of life for city residents. Reduced reliance on private cars results in decreased traffic congestion, shorter commute times, and reduced stress levels for urban inhabitants. Additionally, car ownership can be a significant financial burden, and by relying less on private vehicles, residents have the opportunity to save money on car-related expenses, improving their financial stability.  However, transitioning to car-free cities is not without its unique set of challenges. Many individuals heavily rely on their cars for daily activities and commutes, which can result in resistance to the transition due to concerns about inconvenience and a perceived loss of personal freedom. Effective public transportation is essential for the success of car-free cities, and substantial investments are required to expand and enhance public transit systems, providing convenient alternatives to private cars. Businesses that depend on car-dependent customers may experience declining revenues during the transition, necessitating solutions to mitigate the economic impact. The process of reconfiguring urban areas for car-free living is complex and time-consuming, requiring comprehensive planning and substantial investments in infrastructure.  To successfully implement car-free cities, solutions include expanding and improving public transportation, promoting active transportation methods such as walking and cycling, encouraging carpooling and ride-sharing, adopting electric and sustainable transportation options, and focusing on public education and awareness.  In conclusion, car-free cities offer a visionary perspective on more sustainable, healthier, and community-centric urban living. Despite the challenges, the potential benefits in terms of environmental sustainability, public health, efficient urban living, and cost savings make them a compelling goal. By investing in public transportation, promoting alternative transportation methods, and engaging the public in the planning process, cities can work toward a future where private cars are no longer the dominant mode of transportation. Car-free cities represent a hopeful glimpse of a more sustainable and people-centric urban environment.",1
"  A Vision for Sustainable Urban Living  In an age marked by rapid urbanization and mounting environmental concerns, the concept of car-free cities has emerged as a pioneering approach to address the multifaceted challenges of modern urban living. These cities propose a fundamental shift in urban planning, where private automobiles are either heavily restricted or entirely absent, making space for sustainable transportation alternatives and a greener, more vibrant urban environment.  Car-free cities represent a visionary perspective on urban living, focusing on sustainability, public health, and community well-being. They offer a hopeful glimpse of a more sustainable and people-centric urban environment, though this transition is not without its unique set of challenges.  One of the central benefits of car-free cities is their potential to significantly reduce air pollution and greenhouse gas emissions. By prioritizing pedestrian and cyclist safety, these cities aim to reduce accidents and improve public health, contributing to better respiratory and cardiovascular well-being for urban residents. Moreover, car-free cities make efficient use of urban space, converting parking lots and wide roads into green parks, recreational areas, and pedestrian zones. This transformation revitalizes the urban landscape, enhancing the overall quality of life for city residents. Reduced reliance on private cars results in decreased traffic congestion, shorter commute times, and reduced stress levels for urban inhabitants. Additionally, car ownership can be a significant financial burden, and by relying less on private vehicles, residents have the opportunity to save money on car-related expenses, improving their financial stability.  However, transitioning to car-free cities is not without its unique set of challenges. Many individuals heavily rely on their cars for daily activities and commutes, which can result in resistance to the transition due to concerns about inconvenience and a perceived loss of personal freedom. Effective public transportation is essential for the success of car-free cities, and substantial investments are required to expand and enhance public transit systems, providing convenient alternatives to private cars. Businesses that depend on car-dependent customers may experience declining revenues during the transition, necessitating solutions to mitigate the economic impact. The process of reconfiguring urban areas for car-free living is complex and time-consuming, requiring comprehensive planning and substantial investments in infrastructure.  To successfully implement car-free cities, solutions include expanding and improving public transportation, promoting active transportation methods such as walking and cycling, encouraging carpooling and ride-sharing, adopting electric and sustainable transportation options, and focusing on public education and awareness.  In conclusion, car-free cities offer a visionary perspective on more sustainable, healthier, and community-centric urban living. Despite the challenges, the potential benefits in terms of environmental sustainability, public health, efficient urban living, and cost savings make them a compelling goal. By investing in public transportation, promoting alternative transportation methods, and engaging the public in the planning process, cities can work toward a future where private cars are no longer the dominant mode of transportation. Car-free cities represent a hopeful glimpse of a more sustainable and people-centric urban environment.",1
"  Paving the Way to Sustainable Urban Life  In a world marked by relentless urbanization and escalating environmental concerns, the concept of car-free cities has emerged as a groundbreaking approach to address the multifaceted challenges of modern urban living. These cities propose a fundamental shift in urban planning, where private automobiles are either heavily restricted or entirely absent, making room for sustainable transportation alternatives and a greener, more vibrant urban environment.  Car-free cities represent a visionary perspective on urban living, focusing on sustainability, public health, and community well-being. They offer a hopeful glimpse of a more sustainable and people-centric urban environment, yet this transition is not without its unique set of challenges.  One of the central benefits of car-free cities is their potential to significantly reduce air pollution and greenhouse gas emissions. By prioritizing pedestrian and cyclist safety, these cities aim to reduce accidents and improve public health, contributing to better respiratory and cardiovascular well-being for urban residents. Moreover, car-free cities make efficient use of urban space, converting parking lots and wide roads into green parks, recreational areas, and pedestrian zones. This transformation revitalizes the urban landscape, enhancing the overall quality of life for city residents. Reduced reliance on private cars results in decreased traffic congestion, shorter commute times, and reduced stress levels for urban inhabitants. Additionally, car ownership can be a significant financial burden, and by relying less on private vehicles, residents have the opportunity to save money on car-related expenses, improving their financial stability.  However, transitioning to car-free cities is not without its unique set of challenges. Many individuals heavily rely on their cars for daily activities and commutes, which can result in resistance to the transition due to concerns about inconvenience and a perceived loss of personal freedom. Effective public transportation is essential for the success of car-free cities, and substantial investments are required to expand and enhance public transit systems, providing convenient alternatives to private cars. Businesses that depend on car-dependent customers may experience declining revenues during the transition, necessitating solutions to mitigate the economic impact. The process of reconfiguring urban areas for car-free living is complex and time-consuming, requiring comprehensive planning and substantial investments in infrastructure.  To successfully implement car-free cities, solutions include expanding and improving public transportation, promoting active transportation methods such as walking and cycling, encouraging carpooling and ride-sharing, adopting electric and sustainable transportation options, and focusing on public education and awareness.  In conclusion, car-free cities offer a visionary perspective on more sustainable, healthier, and community-centric urban living. Despite the challenges, the potential benefits in terms of environmental sustainability, public health, efficient urban living, and cost savings make them a compelling goal. By investing in public transportation, promoting alternative transportation methods, and engaging the public in the planning process, cities can work toward a future where private cars are no longer the dominant mode of transportation. Car-free cities represent a hopeful glimpse of a more sustainable and people-centric urban environment.",1
"  A Sustainable Revolution in Urban Planning  In a world characterized by relentless urbanization and mounting environmental concerns, the concept of car-free cities has emerged as a pioneering approach to address the multifaceted challenges of modern urban living. These cities propose a fundamental shift in urban planning, where private automobiles are either heavily restricted or entirely absent, paving the way for sustainable transportation alternatives and a greener, more vibrant urban environment.  Car-free cities represent a visionary perspective on urban living, prioritizing sustainability, public health, and community well-being. They offer a hopeful glimpse of a more sustainable and people-centric urban environment, yet this transition is not without its unique set of challenges.  One of the key benefits of car-free cities is their potential to significantly reduce air pollution and greenhouse gas emissions. By emphasizing pedestrian and cyclist safety, these cities aim to reduce accidents and improve public health, leading to better respiratory and cardiovascular well-being for urban residents. Furthermore, car-free cities make efficient use of urban space, converting parking lots and wide roads into green parks, recreational areas, and pedestrian zones. This transformation revitalizes the urban landscape, enhancing the overall quality of life for city residents. Reduced reliance on private cars results in decreased traffic congestion, shorter commute times, and reduced stress levels for urban inhabitants. Additionally, car ownership can be a significant financial burden, and by relying less on private vehicles, residents have the opportunity to save money on car-related expenses, improving their financial stability.  However, transitioning to car-free cities is not without its unique set of challenges. Many individuals heavily rely on their cars for daily activities and commutes, which can result in resistance to the transition due to concerns about inconvenience and a perceived loss of personal freedom. Effective public transportation is essential for the success of car-free cities, and substantial investments are required to expand and enhance public transit systems, providing convenient alternatives to private cars. Businesses that depend on car-dependent customers may experience declining revenues during the transition, necessitating solutions to mitigate the economic impact. The process of reconfiguring urban areas for car-free living is complex and time-consuming, requiring comprehensive planning and substantial investments in infrastructure.  To successfully implement car-free cities, solutions include expanding and improving public transportation, promoting active transportation methods such as walking and cycling, encouraging carpooling and ride-sharing, adopting electric and sustainable transportation options, and focusing on public education and awareness.  In conclusion, car-free cities offer a visionary perspective on more sustainable, healthier, and community-centric urban living. Despite the challenges, the potential benefits in terms of environmental sustainability, public health, efficient urban living, and cost savings make them a compelling goal. By investing in public transportation, promoting alternative transportation methods, and engaging the public in the planning process, cities can work toward a future where private cars are no longer the dominant mode of transportation. Car-free cities represent a hopeful glimpse of a more sustainable and people-centric urban environment.",1
"  Transforming Urban Living for a Sustainable Future  In an age marked by rapid urbanization and growing environmental concerns, the concept of car-free cities has emerged as a visionary approach to address the multifaceted challenges of modern urban living. These cities propose a fundamental shift in urban planning, where private automobiles are either heavily restricted or entirely absent, making space for sustainable transportation alternatives and a greener, more vibrant urban environment.  Car-free cities represent a groundbreaking perspective on urban living, focusing on sustainability, public health, and community well-being. They offer a hopeful glimpse of a more sustainable and people-centric urban environment, yet this transition is not without its unique set of challenges.  One of the central benefits of car-free cities is their potential to significantly reduce air pollution and greenhouse gas emissions. By prioritizing pedestrian and cyclist safety, these cities aim to reduce accidents and improve public health, contributing to better respiratory and cardiovascular well-being for urban residents. Moreover, car-free cities make efficient use of urban space, converting parking lots and wide roads into green parks, recreational areas, and pedestrian zones. This transformation rejuvenates the urban landscape, enhancing the overall quality of life for city residents. Reduced reliance on private cars results in decreased traffic congestion, shorter commute times, and reduced stress levels for urban inhabitants. Additionally, car ownership can be a significant financial burden, and by relying less on private vehicles, residents have the opportunity to save money on car-related expenses, improving their financial stability.  However, transitioning to car-free cities is not without its unique set of challenges. Many individuals heavily rely on their cars for daily activities and commutes, which can result in resistance to the transition due to concerns about inconvenience and a perceived loss of personal freedom. Effective public transportation is essential for the success of car-free cities, and substantial investments are required to expand and enhance public transit systems, providing convenient alternatives to private cars. Businesses that depend on car-dependent customers may experience declining revenues during the transition, necessitating solutions to mitigate the economic impact. The process of reconfiguring urban areas for car-free living is complex and time-consuming, requiring comprehensive planning and substantial investments in infrastructure.  To successfully implement car-free cities, solutions include expanding and improving public transportation, promoting active transportation methods such as walking and cycling, encouraging carpooling and ride-sharing, adopting electric and sustainable transportation options, and focusing on public education and awareness.  In conclusion, car-free cities offer a visionary perspective on more sustainable, healthier, and community-centric urban living. Despite the challenges, the potential benefits in terms of environmental sustainability, public health, efficient urban living, and cost savings make them a compelling goal. By investing in public transportation, promoting alternative transportation methods, and engaging the public in the planning process, cities can work toward a future where private cars are no longer the dominant mode of transportation. Car-free cities represent a hopeful glimpse of a more sustainable and people-centric urban environment.",1
"  A Vision for Sustainable Urban Transformation  In an era defined by rapid urbanization and mounting environmental concerns, the concept of car-free cities has risen as a visionary approach to address the complex challenges of modern urban living. These cities propose a fundamental shift in urban planning, where private automobiles are either heavily restricted or entirely absent, creating space for sustainable transportation alternatives and a greener, more vibrant urban landscape.  Car-free cities represent a transformative vision of urban living, with a core focus on sustainability, public health, and community well-being. They provide a hopeful glimpse of a more sustainable and people-centric urban environment, though the transition comes with a unique set of challenges.  One of the central benefits of car-free cities is their potential to significantly reduce air pollution and greenhouse gas emissions. By prioritizing pedestrian and cyclist safety, these cities aim to reduce accidents and improve public health, leading to better respiratory and cardiovascular well-being for urban residents. Moreover, car-free cities make efficient use of urban space, repurposing parking lots and wide roads into green parks, recreational areas, and pedestrian zones. This transformation rejuvenates the urban landscape, enhancing the overall quality of life for city residents. Reduced reliance on private cars results in decreased traffic congestion, shorter commute times, and reduced stress levels for urban inhabitants. Additionally, car ownership can be a significant financial burden, and by relying less on private vehicles, residents have the opportunity to save money on car-related expenses, improving their financial stability.  However, transitioning to car-free cities is not without its unique set of challenges. Many individuals heavily rely on their cars for daily activities and commutes, which can result in resistance to the transition due to concerns about inconvenience and a perceived loss of personal freedom. Effective public transportation is essential for the success of car-free cities, and substantial investments are required to expand and enhance public transit systems, providing convenient alternatives to private cars. Businesses that depend on car-dependent customers may experience declining revenues during the transition, necessitating solutions to mitigate the economic impact. The process of reconfiguring urban areas for car-free living is complex and time-consuming, requiring comprehensive planning and substantial investments in infrastructure.  To successfully implement car-free cities, solutions include expanding and improving public transportation, promoting active transportation methods such as walking and cycling, encouraging carpooling and ride-sharing, adopting electric and sustainable transportation options, and focusing on public education and awareness.  In conclusion, car-free cities offer a visionary perspective on more sustainable, healthier, and community-centric urban living. Despite the challenges, the potential benefits in terms of environmental sustainability, public health, efficient urban living, and cost savings make them a compelling goal. By investing in public transportation, promoting alternative transportation methods, and engaging the public in the planning process, cities can work toward a future where private cars are no longer the dominant mode of transportation. Car-free cities represent a hopeful glimpse of a more sustainable and people-centric urban environment.",1
"  Pioneering Sustainable Urban Paradigms  In a world marked by relentless urbanization and mounting environmental concerns, the concept of car-free cities has emerged as a pioneering approach to address the multifaceted challenges of modern urban living. These cities propose a fundamental shift in urban planning, where private automobiles are either heavily restricted or entirely absent, making space for sustainable transportation alternatives and a greener, more vibrant urban environment.  Car-free cities represent a visionary perspective on urban living, focusing on sustainability, public health, and community well-being. They offer a hopeful glimpse of a more sustainable and people-centric urban environment, yet this transition is not without its unique set of challenges.  One of the central benefits of car-free cities is their potential to significantly reduce air pollution and greenhouse gas emissions. By prioritizing pedestrian and cyclist safety, these cities aim to reduce accidents and improve public health, contributing to better respiratory and cardiovascular well-being for urban residents. Moreover, car-free cities make efficient use of urban space, converting parking lots and wide roads into green parks, recreational areas, and pedestrian zones. This transformation revitalizes the urban landscape, enhancing the overall quality of life for city residents. Reduced reliance on private cars results in decreased traffic congestion, shorter commute times, and reduced stress levels for urban inhabitants. Additionally, car ownership can be a significant financial burden, and by relying less on private vehicles, residents have the opportunity to save money on car-related expenses, improving their financial stability.  However, transitioning to car-free cities is not without its unique set of challenges. Many individuals heavily rely on their cars for daily activities and commutes, which can result in resistance to the transition due to concerns about inconvenience and a perceived loss of personal freedom. Effective public transportation is essential for the success of car-free cities, and substantial investments are required to expand and enhance public transit systems, providing convenient alternatives to private cars. Businesses that depend on car-dependent customers may experience declining revenues during the transition, necessitating solutions to mitigate the economic impact. The process of reconfiguring urban areas for car-free living is complex and time-consuming, requiring comprehensive planning and substantial investments in infrastructure.  To successfully implement car-free cities, solutions include expanding and improving public transportation, promoting active transportation methods such as walking and cycling, encouraging carpooling and ride-sharing, adopting electric and sustainable transportation options, and focusing on public education and awareness.  In conclusion, car-free cities offer a visionary perspective on more sustainable, healthier, and community-centric urban living. Despite the challenges, the potential benefits in terms of environmental sustainability, public health, efficient urban living, and cost savings make them a compelling goal. By investing in public transportation, promoting alternative transportation methods, and engaging the public in the planning process, cities can work toward a future where private cars are no longer the dominant mode of transportation. Car-free cities represent a hopeful glimpse of a more sustainable and people-centric urban environment.",1
"  A Sustainable Urban Dream  In an era marked by rapid urbanization and growing environmental concerns, the concept of car-free cities has emerged as a visionary approach to address the complex challenges of modern urban living. These cities propose a fundamental shift in urban planning, where private automobiles are either heavily restricted or entirely absent, making space for sustainable transportation alternatives and a greener, more vibrant urban environment.  Car-free cities represent a groundbreaking perspective on urban living, focusing on sustainability, public health, and community well-being. They offer a hopeful glimpse of a more sustainable and people-centric urban environment, yet this transition is not without its unique set of challenges.  One of the central benefits of car-free cities is their potential to significantly reduce air pollution and greenhouse gas emissions. By prioritizing pedestrian and cyclist safety, these cities aim to reduce accidents and improve public health, contributing to better respiratory and cardiovascular well-being for urban residents. Moreover, car-free cities make efficient use of urban space, converting parking lots and wide roads into green parks, recreational areas, and pedestrian zones. This transformation revitalizes the urban landscape, enhancing the overall quality of life for city residents. Reduced reliance on private cars results in decreased traffic congestion, shorter commute times, and reduced stress levels for urban inhabitants. Additionally, car ownership can be a significant financial burden, and by relying less on private vehicles, residents have the opportunity to save money on car-related expenses, improving their financial stability.  However, transitioning to car-free cities is not without its unique set of challenges. Many individuals heavily rely on their cars for daily activities and commutes, which can result in resistance to the transition due to concerns about inconvenience and a perceived loss of personal freedom. Effective public transportation is essential for the success of car-free cities, and substantial investments are required to expand and enhance public transit systems, providing convenient alternatives to private cars. Businesses that depend on car-dependent customers may experience declining revenues during the transition, necessitating solutions to mitigate the economic impact. The process of reconfiguring urban areas for car-free living is complex and time-consuming, requiring comprehensive planning and substantial investments in infrastructure.  To successfully implement car-free cities, solutions include expanding and improving public transportation, promoting active transportation methods such as walking and cycling, encouraging carpooling and ride-sharing, adopting electric and sustainable transportation options, and focusing on public education and awareness.  In conclusion, car-free cities offer a visionary perspective on more sustainable, healthier, and community-centric urban living. Despite the challenges, the potential benefits in terms of environmental sustainability, public health, efficient urban living, and cost savings make them a compelling goal. By investing in public transportation, promoting alternative transportation methods, and engaging the public in the planning process, cities can work toward a future where private cars are no longer the dominant mode of transportation. Car-free cities represent a hopeful glimpse of a more sustainable and people-centric urban environment.",1
"  A Sustainable Vision for Urban Development  In an age characterized by rapid urbanization and mounting environmental concerns, the concept of car-free cities has emerged as an innovative approach to address the complex challenges of modern urban life. These cities propose a fundamental shift in urban planning, where private automobiles are either heavily restricted or entirely absent, making room for sustainable transportation alternatives and a greener, more vibrant urban environment.  Car-free cities represent a visionary perspective on urban living, focusing on sustainability, public health, and community well-being. They offer a hopeful glimpse of a more sustainable and people-centric urban environment, though this transition is not without its unique set of challenges.  One of the central benefits of car-free cities is their potential to significantly reduce air pollution and greenhouse gas emissions. By prioritizing pedestrian and cyclist safety, these cities aim to reduce accidents and improve public health, contributing to better respiratory and cardiovascular well-being for urban residents. Moreover, car-free cities make efficient use of urban space, converting parking lots and wide roads into green parks, recreational areas, and pedestrian zones. This transformation rejuvenates the urban landscape, enhancing the overall quality of life for city residents. Reduced reliance on private cars results in decreased traffic congestion, shorter commute times, and reduced stress levels for urban inhabitants. Additionally, car ownership can be a significant financial burden, and by relying less on private vehicles, residents have the opportunity to save money on car-related expenses, improving their financial stability.  However, transitioning to car-free cities is not without its unique set of challenges. Many individuals heavily rely on their cars for daily activities and commutes, which can result in resistance to the transition due to concerns about inconvenience and a perceived loss of personal freedom. Effective public transportation is essential for the success of car-free cities, and substantial investments are required to expand and enhance public transit systems, providing convenient alternatives to private cars. Businesses that depend on car-dependent customers may experience declining revenues during the transition, necessitating solutions to mitigate the economic impact. The process of reconfiguring urban areas for car-free living is complex and time-consuming, requiring comprehensive planning and substantial investments in infrastructure.  To successfully implement car-free cities, solutions include expanding and improving public transportation, promoting active transportation methods such as walking and cycling, encouraging carpooling and ride-sharing, adopting electric and sustainable transportation options, and focusing on public education and awareness.  In conclusion, car-free cities offer a visionary perspective on more sustainable, healthier, and community-centric urban living. Despite the challenges, the potential benefits in terms of environmental sustainability, public health, efficient urban living, and cost savings make them a compelling goal. By investing in public transportation, promoting alternative transportation methods, and engaging the public in the planning process, cities can work toward a future where private cars are no longer the dominant mode of transportation. Car-free cities represent a hopeful glimpse of a more sustainable and people-centric urban environment.",1
"  Paving the Way for a Sustainable Urban Future  In an era marked by relentless urbanization and increasing environmental concerns, the concept of car-free cities has emerged as a pioneering approach to address the multifaceted challenges of modern urban living. These cities propose a fundamental shift in urban planning, where private automobiles are either heavily restricted or entirely absent, making space for sustainable transportation alternatives and a greener, more vibrant urban environment.  Car-free cities represent a visionary perspective on urban living, focusing on sustainability, public health, and community well-being. They offer a hopeful glimpse of a more sustainable and people-centric urban environment, though this transition is not without its unique set of challenges.  One of the key benefits of car-free cities lies in their potential to significantly reduce air pollution and greenhouse gas emissions. By prioritizing pedestrian and cyclist safety, these cities aim to reduce accidents and improve public health, contributing to better respiratory and cardiovascular well-being for urban residents. Moreover, car-free cities make efficient use of urban space, converting parking lots and wide roads into green parks, recreational areas, and pedestrian zones. This transformation rejuvenates the urban landscape, enhancing the overall quality of life for city residents. Reduced reliance on private cars results in decreased traffic congestion, shorter commute times, and reduced stress levels for urban inhabitants. Additionally, car ownership can be a significant financial burden, and by relying less on private vehicles, residents have the opportunity to save money on car-related expenses, improving their financial stability.  However, transitioning to car-free cities is not without its unique set of challenges. Many individuals heavily rely on their cars for daily activities and commutes, which can result in resistance to the transition due to concerns about inconvenience and a perceived loss of personal freedom. Effective public transportation is essential for the success of car-free cities, and substantial investments are required to expand and enhance public transit systems, providing convenient alternatives to private cars. Businesses that depend on car-dependent customers may experience declining revenues during the transition, necessitating solutions to mitigate the economic impact. The process of reconfiguring urban areas for car-free living is complex and time-consuming, requiring comprehensive planning and substantial investments in infrastructure.  To successfully implement car-free cities, solutions include expanding and improving public transportation, promoting active transportation methods such as walking and cycling, encouraging carpooling and ride-sharing, adopting electric and sustainable transportation options, and focusing on public education and awareness.  In conclusion, car-free cities offer a visionary perspective on more sustainable, healthier, and community-centric urban living. Despite the challenges, the potential benefits in terms of environmental sustainability, public health, efficient urban living, and cost savings make them a compelling goal. By investing in public transportation, promoting alternative transportation methods, and engaging the public in the planning process, cities can work toward a future where private cars are no longer the dominant mode of transportation. Car-free cities represent a hopeful glimpse of a more sustainable and people-centric urban environment.",1
"  A Sustainable Vision for Urban Living  In an age characterized by rapid urbanization and growing environmental concerns, the concept of car-free cities has emerged as an innovative approach to address the multifaceted challenges of modern urban living. These cities propose a fundamental shift in urban planning, where private automobiles are either heavily restricted or entirely absent, creating space for sustainable transportation alternatives and a greener, more vibrant urban environment.  Car-free cities represent a visionary perspective on urban living, focusing on sustainability, public health, and community well-being. They offer a hopeful glimpse of a more sustainable and people-centric urban environment, yet this transition is not without its unique set of challenges.  One of the central benefits of car-free cities is their potential to significantly reduce air pollution and greenhouse gas emissions. By prioritizing pedestrian and cyclist safety, these cities aim to reduce accidents and improve public health, contributing to better respiratory and cardiovascular well-being for urban residents. Moreover, car-free cities make efficient use of urban space, converting parking lots and wide roads into green parks, recreational areas, and pedestrian zones. This transformation revitalizes the urban landscape, enhancing the overall quality of life for city residents. Reduced reliance on private cars results in decreased traffic congestion, shorter commute times, and reduced stress levels for urban inhabitants. Additionally, car ownership can be a significant financial burden, and by relying less on private vehicles, residents have the opportunity to save money on car-related expenses, improving their financial stability.  However, transitioning to car-free cities is not without its unique set of challenges. Many individuals heavily rely on their cars for daily activities and commutes, which can result in resistance to the transition due to concerns about inconvenience and a perceived loss of personal freedom. Effective public transportation is essential for the success of car-free cities, and substantial investments are required to expand and enhance public transit systems, providing convenient alternatives to private cars. Businesses that depend on car-dependent customers may experience declining revenues during the transition, necessitating solutions to mitigate the economic impact. The process of reconfiguring urban areas for car-free living is complex and time-consuming, requiring comprehensive planning and substantial investments in infrastructure.  To successfully implement car-free cities, solutions include expanding and improving public transportation, promoting active transportation methods such as walking and cycling, encouraging carpooling and ride-sharing, adopting electric and sustainable transportation options, and focusing on public education and awareness.  In conclusion, car-free cities offer a visionary perspective on more sustainable, healthier, and community-centric urban living. Despite the challenges, the potential benefits in terms of environmental sustainability, public health, efficient urban living, and cost savings make them a compelling goal. By investing in public transportation, promoting alternative transportation methods, and engaging the public in the planning process, cities can work toward a future where private cars are no longer the dominant mode of transportation. Car-free cities represent a hopeful glimpse of a more sustainable and people-centric urban environment.",1
"  Pioneering a Sustainable Urban Future  In an age characterized by rapid urbanization and growing environmental concerns, the concept of car-free cities has emerged as a visionary approach to address the multifaceted challenges of modern urban living. These cities propose a fundamental shift in urban planning, where private automobiles are either heavily restricted or entirely absent, creating space for sustainable transportation alternatives and a greener, more vibrant urban environment.  Car-free cities represent a groundbreaking perspective on urban living, focusing on sustainability, public health, and community well-being. They offer a hopeful glimpse of a more sustainable and people-centric urban environment, though this transition is not without its unique set of challenges.  One of the central benefits of car-free cities is their potential to significantly reduce air pollution and greenhouse gas emissions. By prioritizing pedestrian and cyclist safety, these cities aim to reduce accidents and improve public health, contributing to better respiratory and cardiovascular well-being for urban residents. Moreover, car-free cities make efficient use of urban space, converting parking lots and wide roads into green parks, recreational areas, and pedestrian zones. This transformation revitalizes the urban landscape, enhancing the overall quality of life for city residents. Reduced reliance on private cars results in decreased traffic congestion, shorter commute times, and reduced stress levels for urban inhabitants. Additionally, car ownership can be a significant financial burden, and by relying less on private vehicles, residents have the opportunity to save money on car-related expenses, improving their financial stability.  However, transitioning to car-free cities is not without its unique set of challenges. Many individuals heavily rely on their cars for daily activities and commutes, which can result in resistance to the transition due to concerns about inconvenience and a perceived loss of personal freedom. Effective public transportation is essential for the success of car-free cities, and substantial investments are required to expand and enhance public transit systems, providing convenient alternatives to private cars. Businesses that depend on car-dependent customers may experience declining revenues during the transition, necessitating solutions to mitigate the economic impact. The process of reconfiguring urban areas for car-free living is complex and time-consuming, requiring comprehensive planning and substantial investments in infrastructure.  To successfully implement car-free cities, solutions include expanding and improving public transportation, promoting active transportation methods such as walking and cycling, encouraging carpooling and ride-sharing, adopting electric and sustainable transportation options, and focusing on public education and awareness.  In conclusion, car-free cities offer a visionary perspective on more sustainable, healthier, and community-centric urban living. Despite the challenges, the potential benefits in terms of environmental sustainability, public health, efficient urban living, and cost savings make them a compelling goal. By investing in public transportation, promoting alternative transportation methods, and engaging the public in the planning process, cities can work toward a future where private cars are no longer the dominant mode of transportation. Car-free cities represent a hopeful glimpse of a more sustainable and people-centric urban environment.",1
"  A Path to Sustainable Urban Living  In a world marked by relentless urbanization and escalating environmental concerns, the concept of car-free cities has emerged as a groundbreaking approach to address the multifaceted challenges of modern urban living. These cities propose a fundamental shift in urban planning, where private automobiles are either heavily restricted or entirely absent, making room for sustainable transportation alternatives and a greener, more vibrant urban environment.  Car-free cities represent a visionary perspective on urban living, focusing on sustainability, public health, and community well-being. They offer a hopeful glimpse of a more sustainable and people-centric urban environment, yet this transition is not without its unique set of challenges.  One of the central benefits of car-free cities is their potential to significantly reduce air pollution and greenhouse gas emissions. By prioritizing pedestrian and cyclist safety, these cities aim to reduce accidents and improve public health, contributing to better respiratory and cardiovascular well-being for urban residents. Moreover, car-free cities make efficient use of urban space, converting parking lots and wide roads into green parks, recreational areas, and pedestrian zones. This transformation revitalizes the urban landscape, enhancing the overall quality of life for city residents. Reduced reliance on private cars results in decreased traffic congestion, shorter commute times, and reduced stress levels for urban inhabitants. Additionally, car ownership can be a significant financial burden, and by relying less on private vehicles, residents have the opportunity to save money on car-related expenses, improving their financial stability.  However, transitioning to car-free cities is not without its unique set of challenges. Many individuals heavily rely on their cars for daily activities and commutes, which can result in resistance to the transition due to concerns about inconvenience and a perceived loss of personal freedom. Effective public transportation is essential for the success of car-free cities, and substantial investments are required to expand and enhance public transit systems, providing convenient alternatives to private cars. Businesses that depend on car-dependent customers may experience declining revenues during the transition, necessitating solutions to mitigate the economic impact. The process of reconfiguring urban areas for car-free living is complex and time-consuming, requiring comprehensive planning and substantial investments in infrastructure.  To successfully implement car-free cities, solutions include expanding and improving public transportation, promoting active transportation methods such as walking and cycling, encouraging carpooling and ride-sharing, adopting electric and sustainable transportation options, and focusing on public education and awareness.  In conclusion, car-free cities offer a visionary perspective on more sustainable, healthier, and community-centric urban living. Despite the challenges, the potential benefits in terms of environmental sustainability, public health, efficient urban living, and cost savings make them a compelling goal. By investing in public transportation, promoting alternative transportation methods, and engaging the public in the planning process, cities can work toward a future where private cars are no longer the dominant mode of transportation. Car-free cities represent a hopeful glimpse of a more sustainable and people-centric urban environment.",1
"  A Path to Sustainable Urban Living  In a world marked by relentless urbanization and escalating environmental concerns, the concept of car-free cities has emerged as a groundbreaking approach to address the multifaceted challenges of modern urban living. These cities propose a fundamental shift in urban planning, where private automobiles are either heavily restricted or entirely absent, making room for sustainable transportation alternatives and a greener, more vibrant urban environment.  Car-free cities represent a visionary perspective on urban living, focusing on sustainability, public health, and community well-being. They offer a hopeful glimpse of a more sustainable and people-centric urban environment, yet this transition is not without its unique set of challenges.  One of the central benefits of car-free cities is their potential to significantly reduce air pollution and greenhouse gas emissions. By prioritizing pedestrian and cyclist safety, these cities aim to reduce accidents and improve public health, contributing to better respiratory and cardiovascular well-being for urban residents. Moreover, car-free cities make efficient use of urban space, converting parking lots and wide roads into green parks, recreational areas, and pedestrian zones. This transformation revitalizes the urban landscape, enhancing the overall quality of life for city residents. Reduced reliance on private cars results in decreased traffic congestion, shorter commute times, and reduced stress levels for urban inhabitants. Additionally, car ownership can be a significant financial burden, and by relying less on private vehicles, residents have the opportunity to save money on car-related expenses, improving their financial stability.  However, transitioning to car-free cities is not without its unique set of challenges. Many individuals heavily rely on their cars for daily activities and commutes, which can result in resistance to the transition due to concerns about inconvenience and a perceived loss of personal freedom. Effective public transportation is essential for the success of car-free cities, and substantial investments are required to expand and enhance public transit systems, providing convenient alternatives to private cars. Businesses that depend on car-dependent customers may experience declining revenues during the transition, necessitating solutions to mitigate the economic impact. The process of reconfiguring urban areas for car-free living is complex and time-consuming, requiring comprehensive planning and substantial investments in infrastructure.  To successfully implement car-free cities, solutions include expanding and improving public transportation, promoting active transportation methods such as walking and cycling, encouraging carpooling and ride-sharing, adopting electric and sustainable transportation options, and focusing on public education and awareness.  In conclusion, car-free cities offer a visionary perspective on more sustainable, healthier, and community-centric urban living. Despite the challenges, the potential benefits in terms of environmental sustainability, public health, efficient urban living, and cost savings make them a compelling goal. By investing in public transportation, promoting alternative transportation methods, and engaging the public in the planning process, cities can work toward a future where private cars are no longer the dominant mode of transportation. Car-free cities represent a hopeful glimpse of a more sustainable and people-centric urban environment.",1
"  Navigating the Road to Sustainable Urban Living  In a world characterized by relentless urbanization and mounting environmental concerns, the concept of car-free cities has emerged as a pioneering approach to address the multifaceted challenges of modern urban living. These cities propose a fundamental shift in urban planning, where private automobiles are either heavily restricted or entirely absent, making room for sustainable transportation alternatives and a greener, more vibrant urban environment.  Car-free cities represent a visionary perspective on urban living, focusing on sustainability, public health, and community well-being. They offer a hopeful glimpse of a more sustainable and people-centric urban environment, yet this transition is not without its unique set of challenges.  One of the central benefits of car-free cities is their potential to significantly reduce air pollution and greenhouse gas emissions. By prioritizing pedestrian and cyclist safety, these cities aim to reduce accidents and improve public health, contributing to better respiratory and cardiovascular well-being for urban residents. Moreover, car-free cities make efficient use of urban space, converting parking lots and wide roads into green parks, recreational areas, and pedestrian zones. This transformation rejuvenates the urban landscape, enhancing the overall quality of life for city residents. Reduced reliance on private cars results in decreased traffic congestion, shorter commute times, and reduced stress levels for urban inhabitants. Additionally, car ownership can be a significant financial burden, and by relying less on private vehicles, residents have the opportunity to save money on car-related expenses, improving their financial stability.  However, transitioning to car-free cities is not without its unique set of challenges. Many individuals heavily rely on their cars for daily activities and commutes, which can result in resistance to the transition due to concerns about inconvenience and a perceived loss of personal freedom. Effective public transportation is essential for the success of car-free cities, and substantial investments are required to expand and enhance public transit systems, providing convenient alternatives to private cars. Businesses that depend on car-dependent customers may experience declining revenues during the transition, necessitating solutions to mitigate the economic impact. The process of reconfiguring urban areas for car-free living is complex and time-consuming, requiring comprehensive planning and substantial investments in infrastructure.  To successfully implement car-free cities, solutions include expanding and improving public transportation, promoting active transportation methods such as walking and cycling, encouraging carpooling and ride-sharing, adopting electric and sustainable transportation options, and focusing on public education and awareness.  In conclusion, car-free cities offer a visionary perspective on more sustainable, healthier, and community-centric urban living. Despite the challenges, the potential benefits in terms of environmental sustainability, public health, efficient urban living, and cost savings make them a compelling goal. By investing in public transportation, promoting alternative transportation methods, and engaging the public in the planning process, cities can work toward a future where private cars are no longer the dominant mode of transportation. Car-free cities represent a hopeful glimpse of a more sustainable and people-centric urban environment.",1
"  A Blueprint for Sustainable Urbanism  In an age marked by rapid urbanization and growing environmental concerns, the concept of car-free cities has emerged as a visionary approach to address the multifaceted challenges of modern urban living. These cities propose a fundamental shift in urban planning, where private automobiles are either heavily restricted or entirely absent, making space for sustainable transportation alternatives and a greener, more vibrant urban environment.  Car-free cities represent a groundbreaking perspective on urban living, focusing on sustainability, public health, and community well-being. They offer a hopeful glimpse of a more sustainable and people-centric urban environment, yet this transition is not without its unique set of challenges.  One of the central benefits of car-free cities is their potential to significantly reduce air pollution and greenhouse gas emissions. By prioritizing pedestrian and cyclist safety, these cities aim to reduce accidents and improve public health, contributing to better respiratory and cardiovascular well-being for urban residents. Moreover, car-free cities make efficient use of urban space, converting parking lots and wide roads into green parks, recreational areas, and pedestrian zones. This transformation rejuvenates the urban landscape, enhancing the overall quality of life for city residents. Reduced reliance on private cars results in decreased traffic congestion, shorter commute times, and reduced stress levels for urban inhabitants. Additionally, car ownership can be a significant financial burden, and by relying less on private vehicles, residents have the opportunity to save money on car-related expenses, improving their financial stability.  However, transitioning to car-free cities is not without its unique set of challenges. Many individuals heavily rely on their cars for daily activities and commutes, which can result in resistance to the transition due to concerns about inconvenience and a perceived loss of personal freedom. Effective public transportation is essential for the success of car-free cities, and substantial investments are required to expand and enhance public transit systems, providing convenient alternatives to private cars. Businesses that depend on car-dependent customers may experience declining revenues during the transition, necessitating solutions to mitigate the economic impact. The process of reconfiguring urban areas for car-free living is complex and time-consuming, requiring comprehensive planning and substantial investments in infrastructure.  To successfully implement car-free cities, solutions include expanding and improving public transportation, promoting active transportation methods such as walking and cycling, encouraging carpooling and ride-sharing, adopting electric and sustainable transportation options, and focusing on public education and awareness.  In conclusion, car-free cities offer a visionary perspective on more sustainable, healthier, and community-centric urban living. Despite the challenges, the potential benefits in terms of environmental sustainability, public health, efficient urban living, and cost savings make them a compelling goal. By investing in public transportation, promoting alternative transportation methods, and engaging the public in the planning process, cities can work toward a future where private cars are no longer the dominant mode of transportation. Car-free cities represent a hopeful glimpse of a more sustainable and people-centric urban environment.",1
"  The Path to Sustainable Urban Development  In a world marked by relentless urbanization and growing environmental concerns, the concept of car-free cities has emerged as a pioneering approach to address the multifaceted challenges of modern urban living. These cities propose a fundamental shift in urban planning, where private automobiles are either heavily restricted or entirely absent, making space for sustainable transportation alternatives and a greener, more vibrant urban environment.  Car-free cities represent a visionary perspective on urban living, focusing on sustainability, public health, and community well-being. They offer a hopeful glimpse of a more sustainable and people-centric urban environment, though this transition is not without its unique set of challenges.  One of the central benefits of car-free cities is their potential to significantly reduce air pollution and greenhouse gas emissions. By prioritizing pedestrian and cyclist safety, these cities aim to reduce accidents and improve public health, contributing to better respiratory and cardiovascular well-being for urban residents. Moreover, car-free cities make efficient use of urban space, converting parking lots and wide roads into green parks, recreational areas, and pedestrian zones. This transformation rejuvenates the urban landscape, enhancing the overall quality of life for city residents. Reduced reliance on private cars results in decreased traffic congestion, shorter commute times, and reduced stress levels for urban inhabitants. Additionally, car ownership can be a significant financial burden, and by relying less on private vehicles, residents have the opportunity to save money on car-related expenses, improving their financial stability.  However, transitioning to car-free cities is not without its unique set of challenges. Many individuals heavily rely on their cars for daily activities and commutes, which can result in resistance to the transition due to concerns about inconvenience and a perceived loss of personal freedom. Effective public transportation is essential for the success of car-free cities, and substantial investments are required to expand and enhance public transit systems, providing convenient alternatives to private cars. Businesses that depend on car-dependent customers may experience declining revenues during the transition, necessitating solutions to mitigate the economic impact. The process of reconfiguring urban areas for car-free living is complex and time-consuming, requiring comprehensive planning and substantial investments in infrastructure.  To successfully implement car-free cities, solutions include expanding and improving public transportation, promoting active transportation methods such as walking and cycling, encouraging carpooling and ride-sharing, adopting electric and sustainable transportation options, and focusing on public education and awareness.  In conclusion, car-free cities offer a visionary perspective on more sustainable, healthier, and community-centric urban living. Despite the challenges, the potential benefits in terms of environmental sustainability, public health, efficient urban living, and cost savings make them a compelling goal. By investing in public transportation, promoting alternative transportation methods, and engaging the public in the planning process, cities can work toward a future where private cars are no longer the dominant mode of transportation. Car-free cities represent a hopeful glimpse of a more sustainable and people-centric urban environment.",1
"  A Sustainable Future in Urban Planning  In an age marked by relentless urbanization and growing environmental concerns, the concept of car-free cities has emerged as an innovative approach to address the multifaceted challenges of modern urban living. These cities propose a fundamental shift in urban planning, where private automobiles are either heavily restricted or entirely absent, making space for sustainable transportation alternatives and a greener, more vibrant urban environment.  Car-free cities represent a visionary perspective on urban living, focusing on sustainability, public health, and community well-being. They offer a hopeful glimpse of a more sustainable and people-centric urban environment, yet this transition is not without its unique set of challenges.  One of the central benefits of car-free cities is their potential to significantly reduce air pollution and greenhouse gas emissions. By prioritizing pedestrian and cyclist safety, these cities aim to reduce accidents and improve public health, contributing to better respiratory and cardiovascular well-being for urban residents. Moreover, car-free cities make efficient use of urban space, converting parking lots and wide roads into green parks, recreational areas, and pedestrian zones. This transformation revitalizes the urban landscape, enhancing the overall quality of life for city residents. Reduced reliance on private cars results in decreased traffic congestion, shorter commute times, and reduced stress levels for urban inhabitants. Additionally, car ownership can be a significant financial burden, and by relying less on private vehicles, residents have the opportunity to save money on car-related expenses, improving their financial stability.  However, transitioning to car-free cities is not without its unique set of challenges. Many individuals heavily rely on their cars for daily activities and commutes, which can result in resistance to the transition due to concerns about inconvenience and a perceived loss of personal freedom. Effective public transportation is essential for the success of car-free cities, and substantial investments are required to expand and enhance public transit systems, providing convenient alternatives to private cars. Businesses that depend on car-dependent customers may experience declining revenues during the transition, necessitating solutions to mitigate the economic impact. The process of reconfiguring urban areas for car-free living is complex and time-consuming, requiring comprehensive planning and substantial investments in infrastructure.  To successfully implement car-free cities, solutions include expanding and improving public transportation, promoting active transportation methods such as walking and cycling, encouraging carpooling and ride-sharing, adopting electric and sustainable transportation options, and focusing on public education and awareness.  In conclusion, car-free cities offer a visionary perspective on more sustainable, healthier, and community-centric urban living. Despite the challenges, the potential benefits in terms of environmental sustainability, public health, efficient urban living, and cost savings make them a compelling goal. By investing in public transportation, promoting alternative transportation methods, and engaging the public in the planning process, cities can work toward a future where private cars are no longer the dominant mode of transportation. Car-free cities represent a hopeful glimpse of a more sustainable and people-centric urban environment.",1
"Advantages of Limiting Car Usage 

Limiting car usage can have a number of advantages for individuals and the community as a whole. The passage set provides evidence of this trend happening in different parts of the world, including Germany, France, and Colombia. In these places, efforts have been made to reduce the dependence on cars and promote alternative modes of transportation. Limiting car usage can lead to a cleaner environment, healthier individuals, and better community planning.

One of the main advantages of limiting car usage is the reduction of greenhouse gas emissions and air pollution. According to the passages, passenger cars are responsible for a significant percentage of greenhouse gas emissions in Europe and some car-intensive areas in the United States. By reducing the number of cars on the road, we can significantly decrease the amount of pollution being released into the environment. This is particularly important in densely populated areas like cities, where air pollution can have severe health consequences for residents.

Additionally, limiting car usage can have positive impacts on individual health. The passage about the car-free day in Bogota, Colombia, mentions that millions of Colombians hiked, biked, skated, or took buses to work on that particular day. Engaging in physical activity like walking or cycling instead of driving can help improve cardiovascular health and overall fitness. It can also reduce the risk of obesity and related diseases.

Furthermore, limiting car usage can lead to better community planning and more efficient land use. The passage about Vauban, Germany, describes a community where street parking, driveways, and home garages are forbidden. Instead, emphasis is placed on public transportation and walking. This approach makes it easier for people to access amenities and services on foot and reduces the need for large parking lots and sprawling developments. Compact and walkable communities can promote social interaction, reduce traffic congestion, and improve quality of life.

In conclusion, limiting car usage can have a range of advantages for both individuals and communities. It can help reduce greenhouse gas emissions and air pollution, promote physical activity and better health, and lead to more efficient community planning. As the passages suggest, these efforts are already being implemented in different parts of the world. It is important for individuals to consider alternative modes of transportation and make choices that contribute to a cleaner and healthier future.",1
"Advantages of Limiting Car Usage

Limiting car usage can have numerous advantages for individuals and communities. It can help reduce greenhouse gas emissions, improve air quality, promote healthier lifestyles, reduce traffic congestion, and create more vibrant and walkable neighborhoods. These benefits have been observed in various places around the world where car usage has been limited.

One example is Vauban, a car-free community in Germany, where 70 percent of families do not own cars. Residents of Vauban have reported feeling happier and less stressed since giving up their cars (Rosenthal, paragraph 3). This is because cars can be a source of tension and anxiety. In contrast, walking and biking in car-free neighborhoods can provide a sense of freedom and connection to the community.

Another advantage of limiting car usage is the reduction of greenhouse gas emissions. Cars are responsible for a significant portion of these emissions, particularly in car-intensive areas. For example, in Europe, passenger cars contribute to 12 percent of greenhouse gas emissions, and in some areas of the United States, this number can reach up to 50 percent (Rosenthal, paragraph 5). By limiting car usage and promoting alternative modes of transportation, such as public transit and biking, communities can significantly reduce their carbon footprint.

Furthermore, limiting car usage can improve air quality, especially in cities where smog is a significant problem. Paris implemented a driving ban in response to severe smog, and congestion decreased by 60 percent (Duffer, paragraph 14). This demonstrates how reducing car usage can have an immediate positive impact on air quality. Diesel fuel, often favored in France due to tax policies, is a major contributor to air pollution (Duffer, paragraph 16). Encouraging the use of cleaner modes of transportation, such as electric vehicles or bikes, can help combat this issue.

Limiting car usage also has the potential to create more vibrant and walkable communities. In Bogota, Colombia, a car-free day is held annually, during which millions of people use alternative modes of transportation. This event aims to promote alternative transportation and reduce smog (Selsky, paragraph 21). Such initiatives can lead to the construction of bike paths, parks, and improved infrastructure for pedestrians. As a result, neighborhoods become more accessible, enjoyable, and conducive to social interaction.

In conclusion, limiting car usage offers numerous advantages for individuals and communities. It helps reduce greenhouse gas emissions, improve air quality, promote healthier lifestyles, reduce traffic congestion, and create more vibrant neighborhoods. Initiatives in various parts of the world have demonstrated the positive impact of limiting car usage, and it is essential that more communities adopt measures to encourage alternative modes of transportation. By doing so, we can create a more sustainable and livable future.",1
"Limiting car usage has numerous advantages that are becoming increasingly apparent in various areas of the world. One of the key benefits of limiting car usage is the reduction of greenhouse gas emissions, which is crucial in combating climate change. According to the passage, passenger cars are responsible for a significant amount of greenhouse gas emissions in Europe, and this number can be even higher in certain areas of the United States. By reducing car usage, we can effectively decrease these emissions and contribute to a healthier and more sustainable environment.

Furthermore, limiting car usage can also lead to a more efficient and organized urban planning. In the German suburb of Vauban, for example, streets are completely car-free, except for a few main thoroughfares. This design encourages residents to use alternative modes of transportation such as walking, cycling, or public transit. Placing stores within walking distance and creating accessible public transportation systems are also part of this approach. By adopting this model, suburbs become more compact, reducing the need for extensive parking spaces and encouraging a more efficient use of land.

In addition to reducing emissions and promoting efficient urban planning, limiting car usage can also have positive health impacts. The passage about Bogota's car-free day highlights the benefits of promoting alternative transportation for both individuals and communities. People who participate in such events experience a decrease in stress levels and have the opportunity to engage in physical exercise by biking or walking. Moreover, by reducing the number of cars on the road, air pollution is decreased, providing cleaner air for everyone.

Another advantage of limiting car usage is the potential economic benefits it can bring. The passage mentions how delivery companies complained of lost revenue during the driving ban in Paris. However, these short-term setbacks can be outweighed by long-term economic gains. For example, investing in public transportation systems and alternative modes of transportation can create jobs in industries such as construction, maintenance, and operation of these systems. Additionally, by reducing the reliance on personal vehicles, individuals can save money on fuel, parking fees, and car maintenance.

While there may be concerns about the impact of limiting car usage on car manufacturers, it is important to recognize that the shift away from car culture represents a larger cultural shift. Younger generations are showing less interest in car ownership, instead choosing alternative ways of getting around, such as using public transportation or car-sharing programs. Car companies are also adapting by rebranding themselves as mobility companies, offering a range of transportation services beyond personal cars.

In conclusion, the advantages of limiting car usage are numerous and varied. From reducing greenhouse gas emissions to promoting efficient urban planning, improving public health to potentially boosting the economy, limiting car usage has far-reaching benefits. By adopting models like the car-free suburb of Vauban in Germany or implementing car-free days like in Bogota, cities and communities can work towards a more sustainable and livable future.",1
"The passages provided discuss the advantages of limiting car usage in different cities around the world. One advantage of limiting car usage is the reduction in greenhouse gas emissions. According to Passage 5, passenger cars are responsible for 12 percent of greenhouse gas emissions in Europe and up to 50 percent in some car-intensive areas in the United States. By limiting car usage, these emissions can be reduced, contributing to efforts to combat climate change. Passage 9 also mentions that the Environmental Protection Agency in the United States is promoting ""car reduced"" communities to reduce emissions.

Another advantage of limiting car usage is the promotion of alternative transportation methods. Passage 4 discusses the concept of ""smart planning"" in which suburbs are designed to be more compact and accessible to public transportation. This approach encourages people to use public transportation instead of private cars, reducing traffic congestion and promoting a more efficient use of space and resources. Passage 26 talks about a car-free day in Bogota, Colombia, where millions of people hiked, biked, skated, or took buses to work. This event promotes alternative modes of transportation and reduces the reliance on cars.

Limiting car usage can also have health benefits. Passage 18 mentions that during the driving ban in Paris due to smog, congestion reduced by 60 percent. This reduction in traffic can lead to improved air quality in cities, which is beneficial for people's respiratory health. Passage 33 suggests that the decrease in car ownership and driving in the United States may have positive implications for carbon emissions and the environment.

Furthermore, limiting car usage can lead to improved quality of life. Passage 3 features a resident of the car-free community in Germany, who expresses being happier without a car. By reducing the dependency on cars, people can enjoy quieter and more peaceful streets with less noise and pollution. Passage 28 describes the improvements made in Bogota, such as the construction of bicycle paths, parks, and sports centers, as well as the replacement of uneven sidewalks. These changes enhance the livability of cities and make them more enjoyable for residents.

In conclusion, there are several advantages to limiting car usage, including the reduction of greenhouse gas emissions, the promotion of alternative transportation methods, health benefits, and an improved quality of life. By adopting smart planning strategies, encouraging the use of public transportation, and creating car-free spaces, cities can become more sustainable, efficient, and livable.",1
"Title: The Advantages of Limiting Car Usage

Introduction:
Limiting car usage is an emerging trend in many parts of the world, driven by the need to reduce greenhouse gas emissions, promote alternative transportation, and create more sustainable and livable communities. Several case studies illustrate the advantages of limiting car usage, such as the car-free district of Vauban in Germany, the driving ban in Paris, and the car-free day in Bogota. By adopting smart planning strategies, reducing dependency on cars, and promoting alternative modes of transportation, cities and communities can benefit from cleaner air, reduced congestion, improved public health, and enhanced quality of life.

Body Paragraph 1: Reduction of Greenhouse Gas Emissions
The transportation sector, particularly passenger cars, is a significant contributor to greenhouse gas emissions. According to the New York Times article, cars are responsible for 12% of greenhouse gas emissions in Europe and up to 50% in some car-intensive areas in the United States. By limiting car usage, communities can make a substantial impact on reducing these emissions and combating climate change. The case of Vauban, Germany, where 70% of families do not own cars, demonstrates how a car-free lifestyle can significantly reduce carbon footprints.

Body Paragraph 2: Improved Air Quality and Public Health
Vehicular emissions are a major source of air pollution, especially in densely populated cities. The driving ban in Paris due to smog, as reported by the Chicago Tribune, resulted in a significant reduction in congestion and improved air quality. This temporary measure brought about a 60% decrease in congestion and highlighted the negative health effects of car usage. By limiting car usage, communities can enjoy cleaner air, reduce respiratory illnesses, and promote overall public health.

Body Paragraph 3: Reduced Congestion and Enhanced Livability
The introduction of car-free districts and car-free days, such as the ones in Vauban and Bogota respectively, showcase the potential for reduced congestion and enhanced livability. These initiatives create space for alternative modes of transportation like walking, biking, and public transit. The Seattle Times article on Bogota's car-free day highlights how millions of Colombians experienced a day devoid of traffic jams, promoting efficient transportation and a better urban environment. Additionally, car-free districts result in walkable communities with improved access to amenities like shops, schools, and parks.

Body Paragraph 4: Economic Benefits and Diverse Transportation Options 
Limiting car usage also has economic benefits. The New York Times article mentions how car ownership rates have declined even before the recession, indicating a broader cultural shift. This shift led companies like Ford and Mercedes to rebrand themselves as mobility companies with diverse product ranges beyond personal vehicles. By embracing alternative transportation options like car-sharing programs, bike-sharing, and public transit, communities enable residents to save money on transportation costs, reduce the need for parking spaces, and reduce the strain on infrastructure.

Conclusion:
Limiting car usage offers numerous advantages for individuals, communities, and the environment. Case studies from across the world demonstrate the significant impact of reducing car dependency, from reduced greenhouse gas emissions and improved air quality to reduced congestion and enhanced livability. By adopting smart planning strategies, promoting alternative transportation, and rethinking the car-centric culture, communities can create sustainable, healthy, and accessible urban environments for all. Embracing these changes will not only benefit individuals but also contribute to the global effort to address climate change and build a better future.",1
"Advantages of Limiting Car Usage

Limiting car usage has numerous advantages for both individuals and society as a whole. This approach is being implemented in various parts of the world, such as in the Vauban community in Germany, where car ownership is discouraged and alternative transportation methods are promoted (Rosenthal, 2009). By reducing the reliance on cars, we can achieve several benefits, including improved air quality, reduced greenhouse gas emissions, and increased physical activity.

One of the most significant advantages of limiting car usage is the positive impact it has on the environment. Cars are a major source of greenhouse gas emissions, which contribute to climate change (Rosenthal, 2009). By reducing the number of cars on the road, we can greatly decrease these emissions. For example, in Europe, passenger cars are responsible for 12 percent of greenhouse gas emissions, and in some car-intensive areas in the United States, this number can reach up to 50 percent (Rosenthal, 2009). This shows the significant contribution that cars make to climate change and the urgent need to limit their usage.

Additionally, limiting car usage can lead to improved air quality in urban areas. Pollutants released from car exhaust, such as nitrogen dioxide and particulate matter, contribute to smog and have harmful effects on human health (Duffer, 2014). A study conducted in Paris, where a partial driving ban was enforced to combat smog, found that congestion decreased by 60 percent and air quality improved (Duffer, 2014). Similar measures, such as car-free days, have been implemented in cities like Bogota, Colombia, resulting in reduced traffic and decreased air pollution (Selsky, 2002). By limiting car usage, we can create cleaner and healthier environments for everyone.

Furthermore, limiting car usage promotes physical activity and encourages the use of alternative modes of transportation, such as walking, cycling, and public transit. In communities like Vauban, where car ownership is discouraged and public transportation and cycling infrastructure are prioritized, residents are more physically active and have higher levels of satisfaction (Rosenthal, 2009). Walking and cycling not only promote individual health but also reduce traffic congestion and promote community interaction. By creating pedestrian and cycle-friendly environments, we can enhance the livability and sustainability of our cities.

In conclusion, limiting car usage offers numerous advantages in terms of environmental sustainability, improved air quality, and increased physical activity. By reducing the reliance on cars and promoting alternative transportation methods, we can address issues such as climate change, air pollution, and sedentary lifestyles. The experiences of communities like Vauban in Germany, Paris, and Bogota demonstrate the positive impact of limiting car usage. It is essential for individuals and society as a whole to recognize the benefits of reducing car dependency and work towards creating more sustainable and livable communities.",1
"The advantages of limiting car usage are becoming increasingly clear as cities and communities around the world experiment with new approaches to transportation. One such example is Vauban, a suburb in Germany where cars are not allowed on the streets except for a few designated areas. This experiment has led to numerous benefits for the residents, including reduced greenhouse gas emissions, improved air quality, and a sense of community and livability.

According to an article in the New York Times, cars are responsible for 12 percent of greenhouse gas emissions in Europe and up to 50 percent in some car-intensive areas in the United States. By limiting car usage, communities like Vauban can make a significant impact on reducing these emissions. The article also mentions that Vauban's streets are peaceful and quiet, with the swish of bicycles and the sound of children playing replacing the noise of car engines.

In addition to reducing greenhouse gas emissions, limiting car usage can also improve air quality. Paris, for example, implemented a partial driving ban during a period of smog, resulting in a 60 percent decrease in congestion and a noticeable improvement in air quality. The ban targeted even-numbered license plates one day and odd-numbered plates the next, and nearly 4,000 drivers were fined for violating the ban. While there were complaints from delivery companies about lost revenue, exceptions were made for plug-in cars, hybrids, and cars with three or more passengers.

Another example of the benefits of limiting car usage can be seen in Bogota, Colombia, which has implemented a car-free day for the past three years. This day encourages alternative forms of transportation such as walking, biking, and public transportation. The event has been successful in reducing traffic congestion and promoting a healthier and more sustainable lifestyle. Other cities in Colombia have also joined in the event, and municipal authorities from other countries have come to witness and learn from the event.

The end of car culture is predicted by many experts, as Americans are buying fewer cars, driving less, and getting fewer licenses. This trend has environmental implications as transportation is the second-largest source of greenhouse gas emissions in the United States. With advancements in technology and changes in behavior, people are finding alternative means of getting around, such as telecommuting, shared van services, and bike-sharing programs. The decrease in driving by young people is particularly notable, with studies showing a 23 percent decrease between 2001 and 2009.

In conclusion, limiting car usage has numerous advantages, including reduced greenhouse gas emissions, improved air quality, and a shift towards a more sustainable and livable environment. The examples of Vauban, Paris, and Bogota show that it is possible to create thriving communities without cars, and that alternative modes of transportation can be successful and beneficial. As we continue to prioritize the environment and seek ways to reduce our carbon footprint, limiting car usage is a significant step in the right direction.",1
"Limiting car usage has numerous advantages for both individuals and the environment. As exemplified by the German suburb of Vauban, a car-free community, giving up cars can lead to happier, more relaxed lives. The constant stress and tension associated with car ownership are eliminated, allowing residents to enjoy the tranquility of verdant streets and the sounds of bicycles and children playing. In addition to personal benefits, limiting car usage also has significant environmental advantages. According to experts, passenger cars are responsible for a large portion of greenhouse gas emissions, particularly in car-intensive areas. By separating suburban life from auto use and promoting smart planning, suburbs can become more compact and accessible to public transportation, resulting in lower greenhouse gas emissions. Efforts to reduce car usage are not limited to Germany; they are happening around the world. In Paris, a partial driving ban was enforced to combat smog, leading to a significant decrease in congestion. Bogota, Colombia, also implemented a car-free day to promote alternative transportation and reduce air pollution. These examples show that limiting car usage has been successful in various locations and can be replicated elsewhere. Moreover, recent studies suggest that Americans are buying fewer cars, driving less, and getting fewer licenses, indicating a cultural shift away from car dependence. This trend has positive implications for the environment, as transportation is a significant source of emissions. Although the decrease in car usage may have negative impacts on the car industry, companies like Ford and Mercedes are already adapting by rebranding themselves as ""mobility"" companies with a broader range of products. Furthermore, demographic shifts suggest that the trend of reducing car usage will continue, with younger generations showing less interest in car ownership. Overall, the advantages of limiting car usage include personal well-being, environmental sustainability, and the potential for transformative cultural shifts.",1
"Advantages of Limiting Car Usage

Limiting car usage can have numerous advantages that can improve the quality of life for individuals and communities. The articles provided present evidence and examples from different parts of the world, highlighting the benefits of reducing car dependency.

Firstly, limiting car usage can significantly reduce greenhouse gas emissions. Cars are responsible for a significant portion of these emissions, contributing to global warming and air pollution. According to the passage by Elisabeth Rosenthal, passenger cars are responsible for 12 percent of greenhouse gas emissions in Europe and up to 50 percent in some car-intensive areas in the United States. By reducing the number of cars on the road, we can make a significant impact in reducing these harmful emissions and protecting the environment.

Secondly, limiting car usage can lead to less traffic congestion and improved transportation efficiency. The passage by Andrew Selsky describes how during a car-free day in Bogota, Colombia, streets were devoid of traffic jams, and congestion was reduced by 60 percent in Paris during a partial driving ban. By encouraging alternative modes of transportation such as walking, biking, and public transportation, we can alleviate the strain on the roads and create a more efficient transportation system for everyone.

Furthermore, limiting car usage can promote healthier and more active lifestyles. The passage by Elisabeth Rosenthal discusses how cities like Vauban, Germany, have become car-free, leading to a rise in bicycling and walking. The absence of cars on the streets creates a safer and more inviting environment for pedestrians and cyclists, encouraging them to adopt healthier modes of transportation. This can have a positive impact on public health by reducing sedentary behavior and promoting physical activity.

In addition to the personal benefits, limiting car usage can also have economic advantages. The passage by Elisabeth Rosenthal mentions the growing trend of car-reduced communities in the United States, where the Environmental Protection Agency is promoting such initiatives. By reducing the need for car ownership and promoting alternative modes of transportation, individuals can save money on car expenses such as maintenance, fuel, and parking. This can lead to increased disposable income and improved financial stability for households.

In conclusion, limiting car usage can bring about a range of advantages for individuals and communities. From reducing greenhouse gas emissions and improving air quality, to alleviating congestion and promoting healthier lifestyles, the evidence presented in the passages demonstrates the positive impact of reducing car dependency. By adopting smart planning and embracing alternative modes of transportation, we can create more sustainable and livable communities for future generations.",1
"The Advantages of Limiting Car Usage

In recent years, there has been a growing trend in many countries to limit the use of cars as a means of transportation. This movement, known as ""smart planning,"" aims to separate suburban life from auto use. There are numerous advantages to limiting car usage, which include reducing greenhouse gas emissions, improving air quality, and promoting a healthier and more sustainable lifestyle.

One of the main advantages of limiting car usage is the reduction of greenhouse gas emissions. According to a study mentioned in the passage set, passenger cars are responsible for 12 percent of greenhouse gas emissions in Europe and up to 50 percent in some car-intensive areas in the United States. By encouraging people to rely less on cars and instead use alternative modes of transportation such as walking, cycling, and public transit, we can significantly reduce these emissions. This is crucial in combating climate change and its associated impacts.

Another advantage of limiting car usage is the improvement of air quality. The passage set mentions how cities like Paris have enforced driving bans in response to high levels of pollution. Car emissions, particularly those from diesel fuel, contribute to the release of harmful pollutants into the air. By reducing the number of cars on the road and promoting alternative transportation options, we can significantly decrease air pollution and improve the overall quality of the air we breathe.

Additionally, limiting car usage promotes a healthier and more sustainable lifestyle. By using alternative modes of transportation such as walking or cycling, individuals can incorporate physical activity into their daily routines. This not only improves overall fitness levels but also reduces the risk of chronic diseases such as obesity, heart disease, and diabetes. Furthermore, reducing car usage contributes to the development of more walkable and bike-friendly communities, encouraging people to be more active and leading to a decrease in sedentary behavior.

Moreover, limiting car usage can lead to a more sustainable future. As the passage set explains, car-dependent suburbs in the United States and other countries are not feasible in the long term. By adopting smart planning principles and creating compact communities with less space devoted to parking, we can reduce the need for car ownership and promote the use of public transportation. This would not only result in less traffic congestion but also lead to more efficient land use and a reduction in urban sprawl.

In conclusion, limiting car usage has numerous advantages, including the reduction of greenhouse gas emissions, improvement of air quality, promotion of a healthier lifestyle, and contribution to a more sustainable future. It is important for individuals and communities to embrace alternative modes of transportation and adopt smart planning principles to create a more environmentally friendly and livable society. By working together to limit car usage, we can contribute to a healthier planet for future generations.",1
"It is becoming increasingly evident that there are numerous advantages to limiting car usage in modern society. The passage set provides several examples of communities and cities that are taking steps to reduce dependence on cars, and the positive outcomes they have experienced. Limiting car usage not only proves to be beneficial for the environment but also for the overall well-being of individuals and communities.

One key advantage of limiting car usage is the reduction of greenhouse gas emissions. According to the passages, passenger cars are responsible for a significant percentage of greenhouse gas emissions in both Europe and the United States. By reducing the number of cars on the road, we can effectively decrease these emissions and work towards combating climate change. The passage on Paris's driving ban due to smog highlights the positive impact of such measures. The ban resulted in a significant decrease in congestion and smog levels, improving the air quality and overall health of the city's residents.

Furthermore, limiting car usage can reduce traffic congestion, making transportation more efficient. The passage on the car-free day in Bogota showcases how millions of Colombians embraced alternative modes of transportation, resulting in empty streets and reduced traffic jams. This not only saves time for commuters but also contributes to a more sustainable and accessible transportation system. By promoting alternatives such as walking, biking, and public transportation, cities can alleviate congestion, improve mobility, and enhance the overall quality of life for their residents.

Limiting car usage also encourages a shift towards more sustainable and healthy modes of transportation. The passage on Vauban, Germany, demonstrates how individuals can adopt a car-free lifestyle and experience increased happiness and reduced stress levels. This is further supported by the passage on the decrease in car ownership and driving in the United States. The trend suggests a cultural shift towards prioritizing alternative transportation options, such as walking or using public transportation, which can have positive impacts on physical and mental health.

Another advantage of limiting car usage is the potential for urban planning to become more focused on the needs of residents rather than accommodating cars. By reducing the need for large parking areas, cities can prioritize creating community spaces, such as parks and pedestrian-friendly streets. This can enhance social interactions and create vibrant neighborhoods. The passage on Vauban's approach to smart planning emphasizes the placement of stores within walking distance, promoting pedestrian activity and reducing the need for long car trips to access essential amenities.

In conclusion, the advantages of limiting car usage are numerous and diverse. By reducing greenhouse gas emissions, alleviating traffic congestion, promoting sustainable and healthy transportation, and creating vibrant communities, limiting car usage proves to be a vital step in creating a more sustainable and livable future. It is essential for individuals, communities, and governments to embrace this concept and work towards implementing policies and initiatives that encourage alternative modes of transportation.",1
"Explanatory Essay: The Advantages of Limiting Car Usage

Limiting car usage is a concept that is gaining popularity in various parts of the world. As discussed in the passages, there are numerous advantages to restricting the use of cars, both for individuals and for the environment. This essay will delve deeper into these advantages and illustrate why limiting car usage can be a beneficial approach.

One of the primary advantages of limiting car usage is the reduction of greenhouse gas emissions. As mentioned in the passages, passenger cars are responsible for a significant portion of greenhouse gas emissions in Europe and the United States. By limiting car usage, we can drastically reduce these emissions and contribute to tackling the global issue of climate change. This approach aligns with the goals outlined by President Obama to curb greenhouse gas emissions in the United States.

Furthermore, limiting car usage can lead to improved air quality. The passages discuss how the smog in Paris and Bogota prompted driving bans, resulting in reduced congestion and pollution. By encouraging alternative modes of transportation such as public transit, walking, or cycling, we can significantly improve the air quality in cities. This is particularly important in densely populated areas where air pollution can have detrimental effects on public health.

Another advantage of limiting car usage is the potential reduction in traffic congestion. In cities like Vauban, Germany, where car usage is limited, there is less dependence on cars, and the streets are significantly less crowded. This can lead to smoother traffic flow and less time wasted in traffic jams. Additionally, reducing congestion can also result in fewer accidents and improved overall road safety.

Limiting car usage can also have a positive impact on urban planning and the design of communities. As discussed in the passages, the concept of ""smart planning"" involves creating suburbs that are more accessible to public transportation and have less emphasis on parking spaces. This shift allows for the allocation of space to alternative modes of transportation and the development of more pedestrian-friendly neighborhoods, with amenities such as stores located within walking distance.

Moreover, limiting car usage can bring about behavioral changes in individuals. As the passages suggest, younger generations are becoming less interested in car ownership and more open to alternative transportation options. This shift in mindset can lead to a decrease in car dependence and a greater emphasis on sustainable modes of transportation. It can also pave the way for the development of innovative solutions such as car-sharing programs and advancements in public transit networks.

In conclusion, there are several benefits to limiting car usage. From reducing greenhouse gas emissions and improving air quality to alleviating traffic congestion and promoting sustainable urban planning, the advantages are significant for both individuals and the environment. As more cities and communities embrace this approach, we can work towards creating a future that is less reliant on cars and more focused on sustainable and efficient transportation alternatives.",1
"Title: The Advantages of Limiting Car Usage

Introduction:
Limiting car usage is an idea gaining traction around the world as a means to reduce greenhouse gas emissions and mitigate the adverse effects of pollution. This essay will explore the advantages of limiting car usage based on the information presented in the passage set.

Body Paragraph 1: Reduced Greenhouse Gas Emissions
One of the main advantages of limiting car usage is the significant reduction in greenhouse gas emissions. Passenger cars are responsible for a considerable portion of these emissions, with Europe attributing 12 percent and some car-intensive areas in the United States up to 50 percent of greenhouse gas emissions to automobiles (Passage 5). By promoting alternatives to car ownership and usage, communities can contribute to a significant reduction in carbon footprints and combat climate change effectively.

Body Paragraph 2: Improved Air Quality
Limiting car usage also has a direct positive impact on air quality. In Paris, for example, a partial driving ban was enforced due to severe smog, resulting in a 60 percent reduction in congestion and a noticeable improvement in air quality (Passage 14). This measure demonstrates that reducing car usage, even temporarily, can have an immediate and tangible benefit in terms of cleaner air. Implementing similar initiatives in other cities can significantly improve public health by reducing respiratory illnesses caused by pollution.

Body Paragraph 3: Increased Accessibility to Public Transportation
Another advantage of limiting car usage is the promotion of alternative means of transportation, such as public transit. The German suburb of Vauban, where cars are generally forbidden, exemplifies this approach (Passage 2). By designing communities with proximity to public transportation systems, residents have greater accessibility and are more likely to utilize buses, trams, and trains. This shift can result in decreased traffic congestion, reduced carbon emissions, and improved mobility for individuals who may not have access to private vehicles.

Body Paragraph 4: Enhanced Quality of Life
Limiting car usage also offers an improved quality of life for residents. In Vauban, where a majority of families have given up car ownership, residents reported feeling less stressed and happier (Passage 3). The absence of cars creates a quieter and safer environment, encouraging more active modes of transportation, such as walking and biking. Additionally, proximity to essential services, like stores and amenities, promotes a sense of community and fosters healthier lifestyles.

Conclusion:
The advantages of limiting car usage are evident in various communities worldwide. By reducing greenhouse gas emissions, improving air quality, promoting alternative transportation options, and enhancing the quality of life for residents, limiting car usage can contribute significantly to a sustainable and vibrant future. Governments, city planners, and individuals must rally behind these methods, adopting smart planning principles and prioritizing people-centered development to ensure a cleaner, healthier, and more accessible environment for all.",1
"Limiting car usage offers numerous advantages that can greatly benefit both individuals and society as a whole. This approach not only helps reduce greenhouse gas emissions and alleviate air pollution, but it also promotes healthier and more sustainable lifestyles. Several examples from around the world demonstrate the positive impact of limiting car usage.

One such example is the town of Vauban in Germany, where residents have given up their cars. Streets in the town are completely car-free, except for a few essential thoroughfares. As a result, 70% of families in Vauban do not own cars, and 57% of residents sold their cars to move to this car-free community. The absence of cars has created a peaceful environment, with the swish of bicycles and the chatter of children replacing the noise of car engines. Vauban is part of a growing trend in Europe and the United States to separate suburban life from car use, as a component of ""smart planning.""

The advantages of limiting car usage extend beyond improved quality of life. Cars are responsible for a significant portion of greenhouse gas emissions and air pollution. In Europe, passenger cars contribute to 12% of greenhouse gas emissions, and in some car-intensive areas in the United States, this figure can reach up to 50%. By reducing car usage, we can drastically reduce these emissions and mitigate the impact of climate change. Additionally, limiting car usage can also help address air pollution issues, which are particularly severe in major cities like Paris. Implementing driving bans, like the one enforced in Paris due to smog, can significantly reduce congestion and improve air quality.

Promoting alternative forms of transportation, such as walking, cycling, and public transportation, is an important aspect of limiting car usage. Initiatives like car-free days, as seen in Bogota, Colombia, encourage people to use alternative methods of transportation, leading to a significant decrease in traffic congestion. Public transportation systems play a vital role in reducing car dependence and promoting accessibility. Efforts are being made worldwide to make suburbs more compact and suitable for walking, with stores located within walking distance rather than being distant and car-dependent. These smart planning strategies aim to create communities that are less reliant on cars, helping to reduce traffic congestion, improve air quality, and promote physical activity and healthier lifestyles.

The decrease in car usage is not solely attributed to economic factors, such as the recession. Sociologists suggest that cultural shifts, driven by factors like urban renewal, advancements in technology, and changing preferences of younger generations, play a significant role in the decline. Young people, in particular, are becoming less interested in car ownership and prioritize alternative forms of transportation. As the next generation begins to make lifestyle choices that align with sustainability and environmental consciousness, the decline in car culture is expected to continue.

In conclusion, limiting car usage offers numerous advantages, including reduced greenhouse gas emissions, improved air quality, decreased traffic congestion, and promotion of healthier and more sustainable lifestyles. Examples from around the world, such as Vauban in Germany, Paris in France, and Bogota in Colombia, demonstrate the positive impact of limiting car usage in creating more livable and environmentally-friendly communities. By embracing alternative forms of transportation and implementing smart planning strategies, we can pave the way for a future with reduced car dependence and a healthier planet.",1
"Advantages of Limiting Car Usage

In recent years, there has been a growing trend in countries around the world to limit car usage in order to reduce greenhouse gas emissions and promote alternative forms of transportation. This movement, known as ""smart planning,"" aims to create more compact and accessible suburbs, decrease reliance on cars, and improve the overall quality of life for residents. The advantages of limiting car usage are numerous and have been observed in various communities across the globe.

One notable example of a car-free community is Vauban, Germany. In this experimental district, street parking, driveways, and home garages are forbidden, except for a few designated areas. As a result, 70 percent of families in Vauban do not own cars, and 57 percent of residents sold their cars to move to this car-free community. The absence of cars has significantly improved the quality of life for residents. Heidrun Walter, a media trainer and mother of two, expressed her happiness with the car-free lifestyle, stating, ""When I had a car, I was always tense. I'm much happier this way."" This sentiment is shared by many residents who now enjoy the tranquility of verdant streets, filled with the swish of bicycles and the chatter of children, rather than the noise and stress of cars.

Not only do car-free communities like Vauban provide a more peaceful living environment, but they also have a positive impact on the environment itself. Cars are a major contributor to greenhouse gas emissions, responsible for 12 percent of emissions in Europe and up to 50 percent in certain car-intensive areas in the United States. By limiting car usage and promoting alternative transportation options such as walking, cycling, and public transportation, these car-free communities significantly reduce emissions and combat climate change. The success of Vauban and other similar communities in reducing emissions highlights the effectiveness of limiting car usage in mitigating the harmful environmental effects of cars.

The advantages of limiting car usage are not limited to car-free communities. Cities like Paris have also implemented measures to reduce car usage, such as driving bans during periods of intense smog. Paris enforced a partial driving ban, requiring motorists with even-numbered license plates to leave their cars at home on certain days. This resulted in a 60 percent decrease in congestion and helped clear the air of pollution. These temporary driving bans illustrate how limiting car usage can have an immediate positive impact on air quality and public health.

In addition to the environmental benefits, limiting car usage can also lead to improved urban planning and development. Traditionally, suburbs have been designed around car use, with sprawling developments and extensive parking spaces. However, smart planning advocates for more compact and accessible suburbs, with stores placed within walking distance and an emphasis on public transportation. This approach not only reduces the need for cars but also creates vibrant and sustainable communities. These walkable neighborhoods encourage physical activity, facilitate social interactions, and support local businesses.

Moreover, limiting car usage has the potential to shift cultural norms and improve overall well-being. In the United States, there has been a decrease in car ownership, driving, and the percentage of young people getting driver's licenses. This shift in behavior can be attributed to various factors, such as the rise of telecommuting, the renewal of city centers, and the availability of car-sharing programs. As people become less dependent on cars for their daily activities, they experience reduced stress, improved health, and increased mobility options.

In conclusion, the advantages of limiting car usage are significant and far-reaching. Car-free communities like Vauban demonstrate the positive impact of living without cars, from increased happiness and tranquility to reduced emissions and improved air quality. Temporary driving bans, as seen in Paris, also illustrate the immediate benefits of limiting car usage in combating pollution. Furthermore, smart planning initiatives that promote compact suburbs, alternative transportation options, and increased walkability have the potential to reshape communities and improve overall well-being. As more countries adopt measures to limit car usage, these advantages will continue to be realized, creating a more sustainable and enjoyable future for all.",1
"Limiting car usage can have numerous advantages for individuals and communities. By reducing the reliance on cars, people can experience improved physical and mental well-being, reduced pollution and greenhouse gas emissions, and increased accessibility and efficiency in transportation.

One of the major benefits of limiting car usage is the improvement in individuals' health and well-being. As the passage from ""In German Suburb, Life Goes On Without Cars"" states, residents of car-free communities report feeling happier and less stressed. Without the constant need to navigate through traffic and find parking spaces, people have more time for physical activities like walking or biking. This leads to a more active lifestyle and better overall health.

Moreover, limiting car usage can significantly reduce pollution and greenhouse gas emissions. As the passage explains, passenger cars are responsible for a significant portion of greenhouse gas emissions in Europe and the United States. By reducing the number of cars on the road, we can mitigate the negative impacts of emissions on climate change and air quality. Car-free communities, like Vauban in Germany, serve as examples of how this can be achieved. These communities prioritize public transportation and walkability, making it easier for residents to rely on alternative modes of transportation and reduce their carbon footprint.

Additionally, limiting car usage can improve accessibility and efficiency in transportation. As seen in the passage about Bogota's car-free day, banning cars for a day can significantly reduce traffic congestion and promote the use of alternative transportation options like buses and bicycles. This can lead to more efficient and reliable public transportation systems, making it easier for people to get around without relying on cars. Moreover, car-free communities often prioritize mixed-use development and place stores within walking distance, reducing the need for lengthy car trips to run errands.

In conclusion, limiting car usage can bring numerous advantages for individuals and communities. By reducing the reliance on cars, people can experience improved physical and mental well-being, reduced pollution and greenhouse gas emissions, and increased accessibility and efficiency in transportation. Implementing measures like car-free days, car-free communities, and promoting alternative modes of transportation can contribute to a more sustainable and livable future.",1
"Advantages of Limiting Car Usage

Limiting car usage has numerous advantages for both individuals and the environment. This is evident in the examples of Vauban, Paris, and Bogota, where innovative approaches to transportation have had positive effects. By reducing car dependency, these communities have managed to improve air quality, reduce traffic congestion, and promote alternative modes of transportation.

One of the main advantages of limiting car usage is the positive impact on the environment. According to the passage, passenger cars are responsible for a significant portion of greenhouse gas emissions. In Europe, cars account for 12 percent of these emissions, and in car-intensive areas in the United States, they contribute up to 50 percent. By reducing the number of cars on the road, as seen in Vauban and during the car-free day in Bogota, these communities are effectively reducing their carbon footprint and helping to combat climate change.

Additionally, limiting car usage can help alleviate traffic congestion. In Vauban, where car ownership is allowed but parking is restricted, 70 percent of families do not own cars. By encouraging alternative modes of transportation, such as walking, biking, and public transit, the streets in Vauban are quiet and free of traffic. This not only improves the quality of life for residents but also reduces the time wasted in traffic and the stress associated with driving.

Another advantage of limiting car usage is the promotion of healthier and more active lifestyles. Vauban, for example, has prioritized walking and biking by placing stores within walking distance and creating extensive bicycle paths. This encourages residents to engage in physical activity and leads to numerous health benefits. Similarly, during the car-free day in Bogota, millions of Colombians hiked, biked, skated, or took buses to work, promoting physical activity and reducing sedentary behavior.

Finally, limiting car usage can have economic benefits. The passage mentions that delivery companies in Paris complained of lost revenue during the driving ban due to smog. However, this can be seen as an opportunity for alternative modes of transportation, such as bike and pedestrian couriers, to thrive. By diversifying the transportation industry and reducing dependence on cars, there is potential for job creation and economic growth.

In conclusion, limiting car usage offers numerous advantages for individuals and the environment. It improves air quality, reduces traffic congestion, promotes active lifestyles, and can have economic benefits. The examples of Vauban, Paris, and Bogota demonstrate the positive impacts of limiting car usage and provide inspiration for other communities to adopt similar practices. As the world continues to grapple with the challenges of climate change and urbanization, reevaluating our car dependency and embracing alternative modes of transportation is crucial.",1
"In recent years, there has been a growing movement to limit car usage in various cities around the world. This trend is driven by the need to reduce greenhouse gas emissions and create more sustainable communities. By limiting car usage, we can improve air quality, reduce traffic congestion, and promote alternative modes of transportation such as walking, biking, and public transit.

One example of a car-limited community is Vauban in Germany. The streets of Vauban are completely car-free, except for a few main thoroughfares and designated parking areas at the edge of the development. As a result, 70 percent of families in Vauban do not own cars, and 57 percent of residents sold their cars to move to this car-free community. This demonstrates that living without cars can lead to a happier and less stressful lifestyle.

The benefits of limiting car usage go beyond personal well-being. Cars are a major source of greenhouse gas emissions, responsible for 12 percent of emissions in Europe and up to 50 percent in some areas of the United States. By reducing car usage, we can significantly decrease carbon emissions and combat climate change. Additionally, limiting cars can help alleviate traffic congestion, particularly in densely populated areas. This improves overall transportation efficiency and reduces the time and money wasted in traffic jams.

Furthermore, limiting car usage promotes the development of sustainable and walkable communities. Instead of relying on cars to access daily necessities like shopping centers, stores are placed within walking distance in these car-limited communities. This not only encourages physical activity but also reduces the need for large parking lots and encourages the use of public transportation. In fact, many car-limited communities offer free or discounted public transit as an alternative to owning a car.

Car-limited initiatives have been implemented in various cities worldwide. Paris, for example, enforced a partial driving ban during a period of intense smog. This led to a significant decrease in congestion and air pollution. Bogota in Colombia has also successfully organized car-free days to promote alternative transportation and reduce smog. These examples show that limiting car usage is a viable and effective solution to combat environmental issues and create more livable cities.

In conclusion, limiting car usage has numerous advantages. It reduces greenhouse gas emissions, improves air quality, reduces traffic congestion, and promotes sustainable and walkable communities. Car-limited communities like Vauban in Germany have shown that living without cars can lead to a more enjoyable and sustainable lifestyle. As the world continues to face environmental challenges, it is crucial that we prioritize the limitation of car usage and promote alternative modes of transportation for a greener future.",1
"Limiting car usage has numerous advantages that can greatly benefit our society. In recent years, there has been a growing movement to separate suburban life from auto use, known as ""smart planning."" This movement acknowledges that automobiles are a major contributor to greenhouse gas emissions, with passenger cars alone responsible for 12 percent of emissions in Europe and up to 50 percent in some car-intensive areas in the United States (Rosenthal, 2009). By limiting car usage, we can effectively reduce greenhouse gas emissions and combat climate change.

One successful example of limiting car usage is the German suburb of Vauban. In Vauban, street parking, driveways, and home garages are generally forbidden, making the streets completely ""car-free"" except for the main thoroughfare with a tram to downtown Freiburg (Rosenthal, 2009). As a result of this car-free lifestyle, 70 percent of Vauban's families do not own cars, and 57 percent sold a car to move there (Rosenthal, 2009). The residents of Vauban have experienced the benefits of limiting car usage firsthand. They report feeling less stressed and happier without the constant reliance on cars (Rosenthal, 2009). This demonstrates that limiting car usage can lead to improved quality of life for individuals.

The benefits of limiting car usage are not limited to individual well-being. By reducing car dependency, we can also make suburbs more compact and accessible to public transportation. Smart planning focuses on placing stores within walking distance on a main street, instead of distant malls accessed by highways (Rosenthal, 2009). This makes it easier for residents to rely on public transportation and encourages walking or cycling for short distances. Additionally, limiting car usage can address the issue of smog caused by car emissions. In cities like Paris, driving bans have been enforced during periods of intense smog to reduce air pollution (Duffer, 2014). These bans have seen a significant decrease in congestion and smog levels (Duffer, 2014). 

Furthermore, limiting car usage can have long-term benefits for our environment. A cultural shift towards reducing car ownership and driving has already been observed in the United States. Studies suggest that Americans are buying fewer cars, driving less, and getting fewer licenses (Rosenthal, 2013). This trend, if it persists, will have significant implications for carbon emissions and the environment. Transportation is the second largest source of America's emissions, making it crucial to limit car usage to achieve the goals of reducing greenhouse gas emissions (Rosenthal, 2013). 

In conclusion, limiting car usage has numerous advantages for individuals, communities, and the environment. By focusing on smart planning and reducing our reliance on cars, we can improve quality of life, reduce greenhouse gas emissions, and combat climate change. The success stories of communities like Vauban in Germany and the car-free day in Bogota, Colombia, demonstrate the positive impact of such measures. It is essential that we prioritize the development of car-reduced communities and encourage the adoption of alternative forms of transportation. The shift away from car culture is not only beneficial for our environment but also for the overall well-being of individuals and communities.",1
"Limiting car usage has numerous advantages that can greatly benefit society. By reducing our dependence on cars, we can tackle issues such as greenhouse gas emissions and air pollution, improve public health, and create more sustainable and accessible communities.

One advantage of limiting car usage is the positive impact it has on the environment. According to the passage set, passenger cars are responsible for a significant portion of greenhouse gas emissions. By reducing the number of cars on the road, especially in car-intensive areas, we can significantly decrease these emissions. For instance, the German suburb of Vauban has successfully implemented a car-free community where 70% of families do not own cars. This has resulted in cleaner air and less pollution for residents. Similarly, during a partial driving ban in Paris to combat smog, congestion decreased by 60% and pollution levels dropped. These examples show that limiting car usage can have a direct positive impact on the environment.

Another advantage of limiting car usage is the improvement of public health. The passage set highlights that car emissions contribute to poor air quality, leading to smog and respiratory issues. By reducing the number of cars on the road, we can improve air quality and decrease health problems associated with pollution. In Bogota, Colombia, a car-free day was introduced to promote alternative transportation and reduce smog. Millions of Colombians participated by hiking, biking, or taking public transportation to work. This event showcased the potential for car-free initiatives to improve public health by reducing pollution levels and creating clean and breathable environments.

Moreover, limiting car usage can lead to the development of more sustainable and accessible communities. The passage set mentions the concept of ""smart planning"" and creating compact suburbs that are designed to be less dependent on cars. This includes placing stores within walking distance, improving public transportation options, and reducing the amount of parking space. By implementing these changes, communities can become more walkable, reduce the need for car usage, and promote a healthier and more active lifestyle. Vauban, Germany, is an example of a community that has adopted these principles and created a car-free environment. This has resulted in residents feeling happier and less stressed, as mentioned by a media trainer and mother of two in the passage.

In conclusion, limiting car usage has numerous advantages that can benefit society as a whole. By reducing the number of cars on the road, we can decrease greenhouse gas emissions, improve air quality, and promote public health. Additionally, creating communities that are less dependent on cars can lead to increased sustainability and accessibility. It is important for societies to embrace initiatives that encourage alternative forms of transportation and limit car usage in order to create a more sustainable and livable future.",1
"Limiting car usage has numerous advantages for both individuals and society as a whole. The passages provided highlight some of these advantages, including reduced greenhouse gas emissions, improvements in air quality, and a shift towards more sustainable and efficient transportation systems.

One of the main benefits of limiting car usage is the reduction in greenhouse gas emissions. According to the passages, passenger cars are responsible for a significant portion of these emissions, with some areas reporting up to 50 percent of emissions coming from cars. By reducing the number of cars on the road and promoting alternative modes of transportation, such as public transit, walking, and biking, we can significantly decrease our carbon footprint.

Furthermore, limiting car usage can lead to improved air quality. In the passage about Paris, a driving ban was enforced to clear the air of smog caused by car emissions. The results were significant, with congestion decreasing by 60 percent and particulate matter levels dropping compared to other European cities. This demonstrates how reducing car usage can have immediate benefits for public health and the environment.

Another advantage of limiting car usage is the promotion of more sustainable and efficient transportation systems. The passage about the car-free day in Bogota highlights the success of a program that encourages alternative transportation options, such as hiking, biking, skating, and public transit. This not only reduces reliance on cars, but also creates a more connected and accessible urban environment. In addition, the passage about Vauban, Germany, shows how smart planning and car-free neighborhoods can promote a more compact and walkable lifestyle, with stores located on main streets rather than distant malls.

Additionally, limiting car usage can have economic benefits. The passage about Vauban reveals that 70 percent of families in this community do not own cars, and 57 percent sold a car to move there. This suggests that limiting car usage can result in cost savings for individuals, as they no longer have to bear the expenses associated with car ownership and maintenance. It can also lead to economic opportunities, as the passage mentions how delivery companies complained of lost revenue during the driving ban in Paris, indicating a potential shift towards alternative modes of transportation.

In conclusion, limiting car usage offers numerous advantages, including reduced greenhouse gas emissions, improved air quality, more sustainable transportation systems, and potential cost savings. The passages provided highlight various examples from around the world that demonstrate the positive impacts of limiting car usage. By adopting similar approaches and promoting alternative modes of transportation, we can work towards a more sustainable and efficient future.",1
"Advantages of Limiting Car Usage

Limiting car usage can provide numerous advantages for both individuals and the environment. As shown in the passages, there are several benefits to implementing measures that reduce the reliance on cars and promote alternative modes of transportation.

One significant advantage of limiting car usage is the reduction in greenhouse gas emissions. Passenger cars are responsible for a significant portion of these emissions, contributing to air pollution and climate change. In Europe, cars account for 12 percent of greenhouse gas emissions, and this number can reach up to 50 percent in car-intensive areas in the United States. By limiting car usage, we can effectively reduce these emissions and work towards a more sustainable future.

In addition to environmental benefits, limiting car usage can also have positive impacts on individuals' well-being. The passages highlight that many residents who have given up their cars in Vauban, Germany, experienced improved quality of life. One resident mentioned feeling less stressed and happier without a car. This can be attributed to various factors, such as reduced traffic congestion, noise pollution, and the promotion of alternative modes of transportation like walking and cycling. These activities not only help individuals stay physically active but also create a more vibrant and connected community.

Moreover, limiting car usage can lead to more efficient land use. Traditional suburban development centered around car use has often resulted in spread-out homes and vast parking areas. These developments contribute to urban sprawl and the loss of green spaces. However, smart planning strategies, as seen in Vauban and other communities, propose more compact and accessible suburbs with less space dedicated to cars. By placing stores and amenities within walking distance and prioritizing public transportation, these developments promote sustainable land use and foster a sense of community.

Limiting car usage also supports the development of alternative transportation infrastructure. As highlighted in the passages, there are efforts to improve public transportation systems and make them more accessible to suburban areas. This shift can lead to better public transportation services, reduced traffic congestion, and increased mobility options for individuals who do not own cars. Additionally, it can incentivize the use of greener modes of transportation such as bicycles and electric vehicles.

Overall, the advantages of limiting car usage are significant. By reducing greenhouse gas emissions, improving individuals' well-being, promoting efficient land use, and developing alternative transportation infrastructure, we can create more sustainable and livable communities. It is essential to prioritize these measures to address the environmental challenges we face and create a better future for all.",1
"Title: The Advantages of Limiting Car Usage

Introduction:

Car usage has become so ingrained in our society that it may seem impossible to imagine life without them. However, there are several advantages to limiting car usage that are becoming increasingly apparent. This essay aims to inform fellow citizens about the benefits of reducing our reliance on cars. By examining examples from different cities around the world, we can see that limiting car usage can have positive effects on the environment, public health, and overall quality of life.

Body Paragraph 1: Environmental Benefits

One of the main advantages of limiting car usage is the positive impact it can have on the environment. The burning of fossil fuels in cars contributes to greenhouse gas emissions, which are a major cause of global warming. In Europe, passenger cars alone are responsible for 12 percent of greenhouse gas emissions. In some car-intensive areas of the United States, this number can rise to 50 percent (Rosenthal, 5). By reducing the number of cars on the road, we can significantly decrease these emissions and contribute to a cleaner and healthier planet.

Body Paragraph 2: Improved Public Health

Limiting car usage also has significant benefits for public health. The smog and pollution caused by car emissions have been linked to various respiratory and cardiovascular diseases (Duffer, 16). By reducing the number of cars on the road, we can improve air quality and reduce the incidence of these health problems. Additionally, limiting car usage encourages people to engage in physical activity such as walking or biking, which has numerous health benefits. In Bogota, Colombia, a car-free day resulted in millions of people biking, hiking, and using public transportation to get to work, leading to a temporary decrease in smog and traffic jams (Selsky, 21-24). Encouraging more active modes of transportation can help combat the sedentary lifestyles that contribute to obesity and other health issues.

Body Paragraph 3: Enhanced Quality of Life

Limiting car usage can also improve the overall quality of life for citizens. In many cities, the layout of suburbs has been centered around cars, leading to long commutes, traffic congestion, and urban sprawl. By adopting a more compact and walkable approach to urban planning, we can create communities that are more accessible and enjoyable for residents. Vauban, a car-free community in Germany, is a prime example of this concept. The absence of cars has created a peaceful and pedestrian-friendly environment, where the sound of bicycles and children playing replaces the noise of engines (Rosenthal, 3). This shift in focus from cars to people can lead to safer streets, stronger communities, and a better overall quality of life.

Conclusion:

Limiting car usage offers a multitude of advantages that range from environmental benefits to improved public health and enhanced quality of life. The success stories of cities like Vauban in Germany, Paris in France, and Bogota in Colombia demonstrate the positive impact of reducing our reliance on cars. By implementing smart planning strategies and promoting alternative modes of transportation, we can create a more sustainable and livable future. It is crucial for citizens to recognize these advantages and support initiatives that limit car usage in order to build a better world for ourselves and future generations.",1
"Limiting car usage has numerous advantages that can greatly benefit both individuals and the environment. As the passages suggest, there is a global movement towards separating suburban life from auto use, as part of a larger effort to reduce greenhouse gas emissions and improve the quality of life in communities.

Firstly, limiting car usage can significantly reduce greenhouse gas emissions. Passenger cars are responsible for a significant portion of these emissions, and by decreasing the number of cars on the road, we can make a meaningful impact on reducing these harmful pollutants. For example, in Europe, cars account for 12 percent of greenhouse gas emissions, and in car-intensive areas in the United States, this number can go up to 50 percent. By adopting car-free or low-car lifestyles, like in the German suburb of Vauban, we can make a positive change in the environment.

Additionally, limiting car usage can improve air quality, especially in heavily polluted areas. Cities like Paris have implemented partial driving bans to combat smog and have seen congestion decrease and air quality improve. By encouraging alternative modes of transportation such as public transit, biking, and walking, we can reduce the amount of harmful pollutants released into the atmosphere, creating healthier and cleaner environments for ourselves and future generations.

Furthermore, limiting car usage can lead to more sustainable and accessible communities. By designing suburbs with smart planning in mind, like placing stores within walking distance and prioritizing public transportation, we can create more compact and efficient communities. This not only reduces the reliance on cars but also promotes healthier and more active lifestyles. As seen in Bogota, Colombia, where millions of people participate in a car-free day each year, car-free initiatives can generate a revolutionary change in how we view transportation and urban development.

Moreover, limiting car usage can have economic benefits. The reduction in the number of vehicles on the road can alleviate traffic congestion, leading to faster commute times and increased productivity. Additionally, by promoting alternative modes of transportation, individuals can save money on fuel and car maintenance costs. Instead of investing in personal vehicles, people can redirect their resources towards public transit systems and other means of transportation that benefit the entire community.

In conclusion, limiting car usage has numerous advantages, including reducing greenhouse gas emissions, improving air quality, creating sustainable communities, and providing economic benefits. As we move towards a more environmentally conscious and sustainable future, it is essential to prioritize alternative modes of transportation and promote car-free or low-car lifestyles. By doing so, we can create healthier, cleaner, and more accessible communities for everyone.",1
"Advantages of Limiting Car Usage: An Explanatory Essay

In recent years, there has been a growing movement to limit car usage in order to reduce greenhouse gas emissions and promote more sustainable forms of transportation. This movement recognizes that the dependence on cars in suburban areas is a major obstacle to achieving these goals. By adopting smart planning principles and creating car-free communities, like the one in Vauban, Germany, we can enjoy several advantages, including reduced emissions, improved quality of life, and a stronger sense of community.

One of the most compelling reasons to limit car usage is to reduce greenhouse gas emissions. According to Elisabeth Rosenthal's article in the New York Times, passenger cars are responsible for 12 percent of greenhouse gas emissions in Europe and up to 50 percent in certain areas in the United States. By decreasing the number of cars on the road, we can significantly decrease our carbon footprint. For example, in the car-free community of Vauban, 70 percent of families do not own cars, and 57 percent of residents sold their cars to move there. This reduction in car ownership has led to a noticeable decrease in emissions and a cleaner environment for the community.

Another advantage of limiting car usage is an improved quality of life for residents. Rosenthal describes how the residents of Vauban, Germany, have more peaceful and less stressful lives since giving up their cars. Heidrun Walter, a resident of Vauban, explains that when she had a car, she was always tense, but now she is much happier. Without the noise and pollution of cars, the streets in Vauban are filled with the swish of bicycles and the laughter of children. This car-free environment provides a more tranquil and enjoyable living experience for residents.

Furthermore, limiting car usage can strengthen the sense of community in suburban areas. In the past, suburbs have been built around car ownership, with houses spread out and connected by extensive road networks. This type of development isolates residents and makes it difficult to interact with neighbors. However, by adopting the principles of smart planning and creating car-free communities, we can encourage more interaction and socialization among residents. In the new approach, stores are placed within walking distance, and public transportation becomes more accessible. This creates a sense of connectivity and encourages people to interact with their neighbors. As David Goldberg of Transportation for America states, ""All of our development since World War II has been centered on the car, and that will have to change.""

In conclusion, limiting car usage in suburban areas offers several advantages for both individuals and the environment. By reducing greenhouse gas emissions, improving quality of life, and fostering a sense of community, we can create a more sustainable and enjoyable living environment. It is crucial that we continue to explore and implement smart planning principles in order to promote car-free communities and reduce our dependence on cars. As the examples of Vauban, Paris, and Bogota show, this movement is already gaining traction and has the potential to make a significant impact on our society.",1
"Advantages of Limiting Car Usage

Car ownership has long been synonymous with suburban life, but recent trends suggest that limiting car usage can have numerous advantages. This movement, known as ""smart planning,"" is gaining momentum across Europe and the United States. The advantages of limiting car usage include reducing greenhouse gas emissions, creating more compact neighborhoods, improving accessibility to public transportation, and promoting a healthier and less stressful lifestyle.

One of the main advantages of limiting car usage is the reduction in greenhouse gas emissions. Passenger cars are responsible for a significant portion of these emissions, with them being the cause of 12 percent of greenhouse gas emissions in Europe and up to 50 percent in certain car-intensive areas in the United States. By reducing car usage, we can greatly contribute to combating climate change and creating a more sustainable future.

Additionally, limiting car usage allows for the creation of more compact neighborhoods and improved accessibility to public transportation. The German suburb of Vauban serves as a prime example of a car-free community. With streets designed specifically for pedestrians and bicycles, Vauban has fostered a sense of community and reduced the dependence on cars. Similarly, other cities across the globe are adopting this approach, placing stores within walking distance and focusing on public transportation. By doing so, these communities are creating more vibrant and livable spaces.

Not only does limiting car usage benefit the environment and community planning, but it also promotes a healthier and less stressful lifestyle. The reliance on cars often leads to sedentary habits and high levels of stress. By encouraging alternative modes of transportation such as walking, cycling, or public transportation, individuals can incorporate physical activity into their daily routines. This not only improves physical health but also reduces stress levels, as seen in the testimony of Heidrun Walter from Vauban, who states, ""When I had a car, I was always tense. I'm much happier this way.""

Moreover, limiting car usage can have economic benefits. In instances where driving is banned, like the temporary driving ban implemented in Paris due to smog, congestion is significantly reduced. This reduction in traffic congestion leads to increased productivity and efficiency. Furthermore, limiting car usage can result in cost savings for individuals, as they no longer need to bear the expenses associated with car ownership, including fuel, maintenance, and parking fees.

In recent years, there has been a shift in American behavior away from car ownership and driving. This change can have positive implications for carbon emissions and the environment, as transportation is a major contributor to emissions. It is essential that this trend continues and is supported by policies such as promoting car-reduced communities and investing in public transportation.

In conclusion, the advantages of limiting car usage are numerous and wide-ranging. From reducing greenhouse gas emissions and creating more compact neighborhoods to promoting physical and mental well-being, limiting car usage has the potential to transform our communities and improve our overall quality of life. It is crucial that we embrace this movement and work towards a future that is less dependent on cars.",1
"In recent years, there has been a growing trend in Europe, the United States, and elsewhere to limit and reduce car usage. This movement, known as ""smart planning,"" aims to separate suburban life from auto use in order to reduce greenhouse gas emissions and create more sustainable communities. This essay will discuss the advantages of limiting car usage based on ideas and information from a set of passages.

One advantage of limiting car usage is the reduction of greenhouse gas emissions. According to experts, passenger cars are responsible for 12 percent of greenhouse gas emissions in Europe and up to 50 percent in some car-intensive areas in the United States. By reducing the reliance on cars, communities can significantly decrease their carbon footprint and contribute to the fight against climate change.

Another advantage of limiting car usage is the creation of more compact and accessible suburbs. The example of Vauban, a car-free community in Germany, demonstrates how limiting car ownership can lead to the development of walkable streets and public transportation infrastructure. In Vauban, 70 percent of families do not own cars, and residents have access to a tram that takes them to downtown Freiburg. This model is being adopted in different parts of the world, with stores placed within walking distance and an emphasis on public transportation rather than distant highways.

Furthermore, limiting car usage can lead to improvements in air quality. The case of Paris, which enforced a partial driving ban due to smog, shows how reducing car usage can help clear the air in congested cities. During the ban, congestion in Paris decreased by 60 percent, and the smog level dropped significantly. This improvement in air quality contributes to the health and wellbeing of the citizens.

Additionally, limiting car usage can have economic benefits. The car-free day in Bogota, Colombia, attracted millions of participants, and other Colombian cities joined the event. The car-free day not only reduced traffic congestion but also provided an opportunity for people to experience alternative modes of transportation, such as biking, walking, and taking public buses. This shift towards alternative transportation can save money for individuals and reduce the strain on public infrastructure.

Moreover, limiting car usage can lead to changes in cultural attitudes towards transportation. Studies suggest that Americans are buying fewer cars, driving less, and obtaining fewer licenses. This shift in behavior, if sustained, can have positive implications for carbon emissions and the environment. In addition, the rise of telecommuting, shared van services, and car-sharing programs shows that people are finding alternative ways to commute and travel without relying solely on personal vehicles.

In conclusion, limiting car usage has various advantages that contribute to a more sustainable and livable environment. By reducing greenhouse gas emissions, creating compact and accessible suburbs, improving air quality, and promoting alternatives to personal vehicles, communities can move towards a more sustainable future. It is important for individuals and policymakers to recognize the benefits of limiting car usage and support initiatives that encourage the use of alternative modes of transportation.",1
"Limiting car usage can have significant advantages for both individuals and society as a whole. This is evident in various case studies and studies conducted in different parts of the world. By reducing car usage, we can decrease greenhouse gas emissions, improve air quality, enhance public health, and foster a more sustainable and efficient transportation system.

One significant advantage of limiting car usage is the reduction in greenhouse gas emissions. Cars are a major contributor to greenhouse gas emissions, which are a leading cause of climate change. According to the passage, passenger cars are responsible for 12 percent of greenhouse gas emissions in Europe and up to 50 percent in some areas of the United States. By using cars less frequently, individuals can contribute to reducing these emissions and helping mitigate climate change.

Additionally, limiting car usage can greatly improve air quality. The passage about Paris' driving ban due to smog illustrates this point. The smog in Paris rivaled that of Beijing, one of the most polluted cities in the world. By implementing car-free days and limiting car usage, cities can reduce air pollution and create healthier environments for their residents.

Furthermore, reducing car usage can have positive effects on public health. The passage about the German suburb of Vauban highlights this benefit. In Vauban, where cars are generally forbidden, 70 percent of families do not own cars. Residents report feeling less stressed and happier without cars. This is supported by studies that have shown the negative impact of traffic congestion and long commutes on mental health. By limiting car usage and promoting alternative modes of transportation such as walking, cycling, and public transport, people can lead healthier and more active lifestyles.

Another advantage of limiting car usage is the promotion of sustainable and efficient transportation systems. The passage on the Colombian car-free day demonstrates this. In Bogota, millions of Colombians left their cars at home and used alternative modes of transportation such as walking, biking, skating, or taking buses. This not only reduces congestion and traffic jams but also encourages the development of infrastructure to support these alternative modes of transportation. This can include the construction of bike lanes, better sidewalks, and improved public transport systems, making cities more accessible and livable for everyone.

In conclusion, limiting car usage can have significant advantages. It can help reduce greenhouse gas emissions, improve air quality, enhance public health, and promote sustainable and efficient transportation systems. The case studies and studies discussed in the passages provide evidence of these benefits. It is crucial for individuals and society as a whole to consider the advantages of limiting car usage and actively work towards implementing measures to achieve these benefits.",1
"Limiting car usage has numerous advantages, both for individuals and for the environment. The passages provided highlight the benefits of car-free communities, driving bans, and car-free days, all of which contribute to a more sustainable and efficient future.

One advantage of limiting car usage is the reduction in greenhouse gas emissions. Cars are a significant source of emissions, contributing to climate change and air pollution. According to the passage, passenger cars are responsible for 12 percent of greenhouse gas emissions in Europe and up to 50 percent in some car-intensive areas in the United States. By limiting car usage, we can significantly reduce these emissions and work towards a cleaner and healthier environment.

Car-free communities, such as Vauban in Germany, offer a model for a more sustainable way of living. These communities prioritize walking, cycling, and public transportation, and discourage car ownership. The passage states that 70 percent of Vauban's families do not own cars, and 57 percent sold a car to move there. The residents of Vauban have experienced improved quality of life and reduced stress levels without cars. This suggests that limiting car usage can lead to a more peaceful and enjoyable community.

Another advantage of limiting car usage is the reduction in traffic congestion. The passages highlight how driving bans, such as the one implemented in Paris, can significantly reduce congestion. In Paris, congestion decreased by 60 percent after the ban was enforced. This reduction in traffic congestion not only improves air quality but also saves time for commuters. With fewer cars on the road, public transportation becomes more efficient, allowing for faster travel times and a smoother flow of traffic.

In addition to these benefits, limiting car usage can also lead to healthier and more active communities. Car-free days, such as the one in Bogota, Colombia, encourage people to walk, bike, or use public transportation. These alternative modes of transportation promote physical activity, which is essential for maintaining a healthy lifestyle. The passage mentions how millions of Colombians participated in the car-free day and left the streets devoid of traffic jams. This shows that there is a willingness among people to embrace alternative modes of transportation and prioritize their health.

Overall, limiting car usage has numerous advantages, including the reduction of greenhouse gas emissions, improved quality of life, reduced traffic congestion, and healthier communities. The examples provided in the passages demonstrate the success and feasibility of implementing car-free initiatives. As a society, it is important to prioritize sustainable transportation options and work towards a future that is less dependent on cars.",1
"In recent years, there has been a growing movement to limit car usage in a number of cities and suburbs around the world. This movement, known as ""smart planning,"" aims to separate suburban life from auto use and promote alternative forms of transportation. By limiting car usage and making suburbs more compact and accessible to public transportation, there are several advantages that can be gained.

One of the main advantages of limiting car usage is the reduction in greenhouse gas emissions. Passenger cars are responsible for a significant percentage of greenhouse gas emissions, both in Europe and the United States. By reducing the number of cars on the road, especially in car-intensive areas, we can help to drastically reduce these emissions. This is an important step in combating climate change and improving air quality.

Another advantage of limiting car usage is the promotion of healthier and more active lifestyles. When cars are restricted, people are more likely to use alternative forms of transportation such as walking, biking, or taking public transportation. This increase in physical activity can have numerous health benefits, including improved cardiovascular health and reduced risk of obesity. Additionally, walking and biking can help to reduce traffic congestion and improve overall traffic flow.

Limiting car usage also has economic benefits. By reducing dependence on cars, cities and suburbs can allocate less space for parking and more space for other purposes, such as parks, playgrounds, and businesses. This can help to revitalize neighborhoods and promote economic development. Additionally, by promoting alternative forms of transportation, cities can save money on road maintenance and construction.

The success of limiting car usage can be seen in various examples around the world. In Vauban, a suburb in Germany, car ownership is allowed but restricted, with limited parking spaces available. As a result, 70 percent of families in Vauban do not own cars, and 57 percent sold a car to move there. This has created a car-free community where residents can enjoy a quieter and more peaceful environment. Similar initiatives have been implemented in other cities, such as Paris and Bogota, which have seen a decrease in congestion and pollution during car-free days.

In conclusion, limiting car usage in cities and suburbs has several advantages. It helps to reduce greenhouse gas emissions, promotes healthier lifestyles, and has economic benefits. By adopting smart planning strategies, we can create more sustainable and livable communities for future generations. It is important for citizens to support and advocate for these initiatives in order to achieve positive change.",1
"Limiting car usage has many advantages for both individuals and the environment. By reducing the number of cars on the road, we can significantly decrease greenhouse gas emissions and improve air quality. Additionally, limiting car usage can promote more sustainable and efficient transportation options, such as public transportation and cycling. Finally, reducing car dependence can lead to healthier and more active lifestyles for individuals. These advantages make it clear that limiting car usage is a positive step towards a more sustainable and livable future.

One of the main advantages of limiting car usage is the reduction of greenhouse gas emissions. Cars are a major contributor to these emissions, and by decreasing the number of cars on the road, we can significantly reduce our carbon footprint. The passage set states that passenger cars are responsible for 12 percent of greenhouse gas emissions in Europe and up to 50 percent in some car-intensive areas in the United States. By limiting car usage, we can make progress towards achieving greenhouse gas reduction goals and mitigating the effects of climate change.

Another advantage of limiting car usage is the improvement of air quality. Cars emit pollutants such as nitrogen oxides and particulate matter, which can have detrimental effects on human health. The passage set mentions that Paris enforced a partial driving ban to clear the air of pollution, resulting in a 60 percent decrease in congestion and improved air quality. By limiting car usage, we can create cleaner and healthier environments for ourselves and future generations.

Furthermore, limiting car usage can promote more sustainable and efficient transportation options. The passage set describes an experimental community in Germany called Vauban, where car ownership is limited and public transportation and cycling are prioritized. Similarly, the passage set mentions a car-free day in Bogota, Colombia, which aimed to promote alternative transportation and reduce smog. By investing in public transportation infrastructure and prioritizing walking, cycling, and public transit, we can create more accessible and sustainable cities that are less dependent on cars.

Lastly, limiting car usage can lead to healthier and more active lifestyles for individuals. The passage set mentions that some residents of Vauban, Germany, feel happier and less stressed without cars. By reducing car usage, people are encouraged to walk or cycle more, leading to increased physical activity and improved health. Additionally, by investing in walkable neighborhoods and improving pedestrian infrastructure, we can create environments that are conducive to active lifestyles.

In conclusion, limiting car usage has numerous advantages. It can help reduce greenhouse gas emissions and improve air quality, promote sustainable transportation options, and encourage healthier and more active lifestyles. By prioritizing alternatives to cars and investing in sustainable transportation infrastructure, we can create more livable and environmentally friendly cities. The benefits of limiting car usage make it clear that it is a necessary step towards a more sustainable and prosperous future.",1
"In recent years, there has been a growing movement towards limiting car usage in various cities around the world. This movement is driven by the desire to reduce greenhouse gas emissions, improve air quality, and create more sustainable communities. The advantages of limiting car usage are numerous, ranging from environmental benefits to improved quality of life for residents.

One of the main advantages of limiting car usage is the reduction in greenhouse gas emissions. Automobiles are a major source of these emissions, contributing to climate change and air pollution. According to the passage, passenger cars are responsible for 12 percent of greenhouse gas emissions in Europe and up to 50 percent in some areas in the United States. By limiting car usage, communities can significantly decrease their carbon footprint and work towards a more sustainable future.

Furthermore, limiting car usage can lead to improved air quality. In cities like Paris, where driving bans have been implemented to combat smog, there has been a noticeable decrease in air pollution. The passage states that congestion was down 60 percent in Paris after a five-day ban on driving, and the smog level decreased significantly. This improvement in air quality has immediate health benefits for residents, as poor air quality is linked to respiratory illnesses and other health issues.

In addition to the environmental advantages, limiting car usage can also enhance the quality of life for residents. The passage from the German suburb of Vauban provides an example of the positive impact of car-free living. In Vauban, streets are completely car-free, except for the main thoroughfare where public transportation runs. As a result, 70 percent of Vauban’s families do not own cars. Residents report feeling happier and less stressed without the constant presence of cars. Walkable streets, fewer traffic accidents, and reduced noise pollution are some of the benefits that contribute to an improved quality of life.

Another advantage of limiting car usage is the promotion of alternative transportation options. By reducing the reliance on cars, communities can invest in public transportation systems, pedestrian-friendly infrastructure, and bike-sharing programs. This not only reduces traffic congestion but also provides residents with more options for getting around. The passage from Bogota, Colombia, describes a car-free day that promotes alternative transportation and reduces smog. This event has been successful and has prompted other cities to adopt similar initiatives.

While there may be concerns about the economic impact of limiting car usage, the passage suggests that cities and companies are adapting to this cultural shift. For example, car companies like Ford and Mercedes are rebranding themselves as ""mobility"" companies and expanding their product range beyond personal vehicles. This adaptation shows that there are opportunities for economic growth and innovation in a world with limited car usage.

In conclusion, the advantages of limiting car usage are significant and varied. From reducing greenhouse gas emissions and improving air quality to enhancing the quality of life for residents and promoting alternative transportation options, there are numerous benefits to be gained from limiting car usage. As more cities and communities around the world adopt car-free initiatives, we can move towards a more sustainable and livable future.",1
"Limiting car usage can have numerous advantages for both individuals and the environment. Several examples from around the world demonstrate the positive effects of reducing car dependency in suburban areas. In Germany, the suburb of Vauban has implemented a car-free policy, where residents are not allowed to have vehicles except for two designated parking lots on the outskirts of the community. As a result, 70 percent of families in Vauban do not own cars, and 57 percent of residents sold their cars to move there. This has created a peaceful and less stressful environment, with verdant streets filled with bicycles and children instead of the noise and pollution of cars. Vauban is part of a larger movement called ""smart planning,"" which aims to separate suburban life from auto use. This approach is being adopted worldwide in an effort to make suburbs more compact, accessible to public transportation, and with reduced parking space.

In Paris, a driving ban was enforced due to severe smog caused by car emissions. Motorists with even-numbered license plates were ordered to leave their cars at home or face fines. This ban resulted in a 60 percent reduction in congestion in the city and highlighted the negative impact of car usage on air quality. Diesel fuel was specifically blamed for the smog, as France has a tax policy that favors diesel over gasoline. The ban in Paris demonstrates the need to promote alternative transportation and reduce reliance on cars, especially in heavily polluted areas.

Bogota, Colombia, has implemented an annual car-free day to promote alternative transportation and reduce smog. Millions of Colombians participate by hiking, biking, skating, or taking buses to work, leaving the streets empty of traffic. The success of this event has led other cities in Colombia and even neighboring countries to adopt similar initiatives. Bogota has also made significant improvements in its infrastructure, including the construction of extensive bicycle paths and the development of parks and sports centers, all aimed at reducing traffic congestion and creating a more sustainable city.

Evidence suggests that car usage in the United States may be on the decline. Recent studies indicate that Americans are buying fewer cars, driving less, and getting fewer licenses. The number of miles driven in the United States has dropped since 2005, even before the recession, and this decrease seems to be persisting even as the economy recovers. This could have beneficial implications for carbon emissions and the environment, as transportation is a major source of greenhouse gas emissions. However, it could also have negative implications for the car industry. The rise of technologies such as the Internet, telecommuting, and cellphone apps has made it easier for people to connect without needing to drive. Cities are also prioritizing alternative modes of transportation, such as bike-sharing programs and car-sharing programs. Demographic shifts also indicate a decrease in car ownership among young people, while older generations are likely to retain their licenses as they age.

In conclusion, there are several advantages to limiting car usage. Examples from around the world demonstrate the positive effects of reducing car dependency in suburban areas, improving air quality in polluted cities, and promoting alternative transportation options. The decline in car usage in the United States also has potential benefits for carbon emissions and the environment. By adopting smart planning principles, promoting alternative transportation, and investing in sustainable infrastructure, countries and cities can create a more livable and environmentally friendly future.",1
"Advantages of Limiting Car Usage

Limiting car usage can bring about numerous advantages for individuals and communities. This approach, known as ""smart planning,"" aims to separate suburban life from excessive auto use. By reducing the dependency on cars, communities can promote alternative transportation, reduce greenhouse gas emissions, and improve the overall quality of life.

One of the main advantages of limiting car usage is the reduction in greenhouse gas emissions. Passenger cars alone are responsible for 12% of greenhouse gas emissions in Europe and up to 50% in some car-intensive areas in the United States. By decreasing car ownership and promoting alternative transportation options, such as walking, cycling, and public transit, communities can significantly decrease their carbon footprint and contribute to environmental sustainability.

Moreover, limiting car usage can lead to improved air quality. Smog, a major issue in many cities worldwide, is often caused by car emissions. An example of the detrimental effects of car usage can be seen in Paris, where after days of near-record pollution, a partial driving ban was enforced to clear the air. The ban resulted in a 60% reduction in congestion and an improvement in air quality. By restricting car usage and promoting car-free days, cities can improve air quality, which ultimately benefits public health.

In addition, limiting car usage can enhance the quality of life for individuals. By reducing traffic congestion, people can have shorter travel times and less stress. In the German suburb of Vauban, where car ownership is limited, residents reported feeling happier and more relaxed without the constant need to drive. The promotion of alternative transportation, such as walking and cycling, also encourages physical activity, leading to healthier and more active lifestyles.

Furthermore, limiting car usage can spur urban development and economic growth. By adopting ""smart planning"" principles, communities can create more compact and accessible suburbs. Placing stores on main streets instead of distant highways and improving public transportation options can boost local businesses and attract investment. Additionally, by reducing the amount of land dedicated to parking lots and garages, communities can utilize that space for other purposes, such as parks and recreational areas.

Overall, limiting car usage brings about multiple advantages, including reduced greenhouse gas emissions, improved air quality, enhanced quality of life, and economic growth. By embracing alternative transportation options and adopting ""smart planning"" principles, communities can create more sustainable and livable environments. It is crucial for both individuals and policymakers to recognize the importance of reducing car dependency and promoting a shift towards more environmentally friendly and efficient modes of transportation.",1
"Limiting car usage can bring numerous advantages to our society, ranging from tackling issues like greenhouse gas emissions and air pollution to improving public health and creating more sustainable communities. The success stories of car-free neighborhoods and cities around the world show that it is possible to live without cars and still maintain a high quality of life. By adopting smarter urban planning, promoting alternative modes of transportation, and changing cultural perceptions about car ownership, we can create a future where cars are no longer the sole means of transportation.

One of the main advantages of limiting car usage is the significant reduction in greenhouse gas emissions. According to a study cited in Elisabeth Rosenthal's article ""In German Suburb, Life Goes On Without Cars,"" passenger cars contribute to about 12 percent of greenhouse gas emissions in Europe and up to 50 percent in some car-intensive areas in the United States. By reducing car dependency, we can make a significant impact on reducing our carbon footprint and combating climate change.

Furthermore, limiting car usage can help combat air pollution, which is a major concern in many cities around the world. In her article ""Paris Bans Driving Due to Smog,"" Robert Duffer discusses how Paris enforced a partial driving ban to tackle high pollution levels. The ban resulted in a 60 percent reduction in congestion and highlighted the role cars play in polluting our environment. By limiting car usage, we can improve air quality and create healthier cities for everyone.

In addition to environmental benefits, limiting car usage can also improve public health. Andrew Selsky's article ""Car-Free Day is Spinning Into a Big Hit in Bogota"" shows how the car-free day in Bogota, Colombia, has promoted alternative transportation and encouraged people to adopt healthier habits like hiking, biking, and skating. By making our cities more walkable and accessible to public transportation, we can encourage physical activity and reduce the risk of sedentary lifestyles and related health issues.

Moreover, limiting car usage can lead to the creation of more sustainable communities. In her article ""The End of Car Culture,"" Elisabeth Rosenthal discusses how Americans are driving less and getting fewer licenses. This cultural shift, coupled with smarter urban planning and the development of alternative transportation options, can lead to the creation of vibrant communities with improved access to amenities, reduced traffic congestion, and less reliance on fossil fuels.

While some may view limiting car usage as an inconvenience, the success stories from car-free neighborhoods and cities around the world show that it is possible to live without cars and still enjoy a high quality of life. By adopting a comprehensive approach that includes smarter urban planning, promoting alternative modes of transportation, and changing cultural perceptions about car ownership, we can create a future where cars are no longer the only means of getting around. The advantages of limiting car usage, from reducing greenhouse gas emissions and air pollution to improving public health and creating sustainable communities, make it a worthwhile endeavor for the betterment of our society and the planet.",1
"Advantages of Limiting Car Usage

Limiting car usage can have numerous advantages for society and the environment. This can be seen in various cities and countries where efforts have been made to reduce reliance on automobiles, such as in Vauban, Germany; Paris, France; and Bogota, Colombia. These examples demonstrate that smart planning and alternative transportation options can create numerous benefits for communities.

One advantage of limiting car usage is the reduction in greenhouse gas emissions. Automobiles are a major source of greenhouse gas emissions, contributing to climate change. In Europe, passenger cars are responsible for 12 percent of greenhouse gas emissions, while in some car-intensive areas in the United States, this number can reach up to 50 percent (Rosenthal). By limiting car usage, specifically in suburban areas, where car dependency is high, significant reductions in emissions can be achieved.

Another advantage is improved air quality. Smog and pollution caused by cars can have detrimental effects on public health. In Paris, a partial driving ban was enforced due to severe smog. As a result, congestion decreased by 60 percent, and the city saw improvements in air quality (Duffer). Car-free days in Bogota also demonstrated the positive impact on air pollution, with the streets being noticeably devoid of traffic jams (Selsky). Limiting car usage promotes alternative modes of transportation, such as walking, biking, and public transit, which contribute to cleaner air.

In addition to environmental benefits, limiting car usage can also have social and economic advantages. By reducing car ownership, individuals can experience a decrease in stress and an increase in happiness, as seen in Vauban, where 70 percent of families do not own cars (Rosenthal). This shift can create a safer and more pleasant living environment, free from noise and pollution. Furthermore, limiting car usage can lead to the revitalization of center cities, making them more appealing and drawing people back in (Rosenthal). This can stimulate economic growth, with the development of new businesses and improved infrastructure.

Critics may argue that limiting car usage restricts personal freedom and convenience. However, the rise of technology and alternative transportation options, such as bike-sharing programs and car-sharing services, have provided viable alternatives that offer convenience and flexibility. Additionally, the demographic shift observed in younger generations, where driving and car ownership are becoming less important, suggests that there may be a cultural change in progress (Rosenthal). This shift towards shared transportation and alternative modes aligns with the goals of reducing emissions and creating more sustainable communities.

In conclusion, limiting car usage offers numerous advantages for individuals, communities, and the environment. The reduction in greenhouse gas emissions, improved air quality, and positive social and economic impacts make a compelling case for implementing measures to promote alternative transportation options. As demonstrated by examples in Vauban, Paris, and Bogota, creating car-free or low-car communities can result in a happier, healthier, and more sustainable future.",1
"Advantages of Limiting Car Usage

Limiting car usage can have several advantages for individuals and communities. This is a growing trend in many parts of the world, including Germany, France, Colombia, and the United States. By reducing our dependence on cars, we can improve the environment, promote alternative transportation, reduce traffic congestion, and create healthier and more sustainable communities.

One of the main advantages of limiting car usage is the positive impact it has on the environment. Cars are a major contributor to greenhouse gas emissions, which are a leading cause of climate change. According to the article ""In German Suburb, Life Goes On Without Cars"" by Elisabeth Rosenthal, passenger cars are responsible for 12 percent of greenhouse gas emissions in Europe and up to 50 percent in some car-intensive areas in the United States. By reducing the number of cars on the road and promoting alternative transportation, such as walking, biking, and public transit, we can significantly decrease these emissions and work towards a cleaner and healthier environment.

In addition to reducing greenhouse gas emissions, limiting car usage can also help reduce air pollution. The article ""Paris bans driving due to smog"" by Robert Duffer highlights the impact of car-free days in Paris. After days of intense smog, the city enforced a partial driving ban, which resulted in a 60 percent reduction in congestion and a decrease in air pollution. This shows that by limiting car usage, we can improve air quality and create healthier living conditions for residents.

Another advantage of limiting car usage is the reduction of traffic congestion. As mentioned in the article ""Car-free day is spinning into a big hit in Bogota"" by Andrew Selsky, millions of Colombians participated in a car-free day, leading to streets devoid of traffic jams. By promoting alternative transportation and reducing the number of cars on the road, we can alleviate congestion and create more efficient and accessible transportation systems.

Limiting car usage also has social and economic benefits. In the article ""The End of Car Culture"" by Elisabeth Rosenthal, it is mentioned that car ownership rates have been decreasing in the United States. This shift in behavior can have positive implications for carbon emissions and the environment, as well as reduce the dependence on the car industry. Additionally, by promoting alternative transportation methods, such as biking and walking, we can create more vibrant and economically flourishing communities. The article ""In German Suburb, Life Goes On Without Cars"" provides an example of Vauban, Germany, where residents have given up their cars and have a more enjoyable and stress-free lifestyle.

In conclusion, there are several advantages to limiting car usage. By reducing our dependence on cars, we can improve the environment, promote alternative transportation, reduce traffic congestion, and create healthier and more sustainable communities. The examples from Germany, France, Colombia, and the United States show that this trend is gaining popularity and can have a positive impact on both individuals and society as a whole. It is important for us to consider these advantages and work towards reducing car usage for a better and greener future.",1
"Title: The Advantages of Limiting Car Usage

Introduction:
Car usage has long been associated with middle-class suburban life, but recent trends and initiatives are challenging this notion. The examples of Vauban in Germany, Paris in France, and Bogota in Colombia demonstrate the advantages of limiting car usage. By adopting smart planning techniques, reducing greenhouse gas emissions, and promoting alternative modes of transportation, these communities are not only contributing to environmental sustainability but also improving the quality of life for their residents.
